channelId,channelName,lwlLabel,topTerms
UCaIalqLU0cYvTrc-3rKms1w,"3DVista","3dvista","3dvista|panoramas|virtual|tours|multimedia"
UCBgc_s9bZcC7_VPC7Qyegfw,"4K Clips And Trailers","Business","hdr|supported|only|shrey|tyagi"
UCgGpNbEWsZhrtV_62dsUDpQ,"7idea Productions","Aviation","7idea|captures|modern-day|railroads|diesel"
UCovVc-qqwYp8oqwO3Sdzx7w,"74 Gear","Aviation","pilot|kelsey|boeing|747|74gear"
UCd0Yn5SKGaujdXCwk2TwmoA,"360 Vroomers","Photography","skates|action|360|since|electric"
UCyxcZgX1wNU-nk1yB9CvzSw,"Aaron Parnas","Unclassified (sparse)",
UC6AFPIXFIHYZItD0fmgDN9Q,"Above Ground Pool Builder","above-ground","above-ground|pool|installation|specialists|liner"
UCBS1b2TF1uuhAomGYpFio7w,"Above Ground Pros","AI","pool|above|ground|pools|owners"
UCv7ayuEI595kZglwebEWWWw,"Adam Taylor // Architecture Photography Resources","Video Editing","photography|business|com|pro|final"
UCyHaY6HrTUWNWA3bN26esUA,"AdEspresso","3D Printing","campaigns|adespresso|analyze|pdf|sync"
UC1KmNKYC1l0stjctkGswl6g,"After Skool","change","change|cannot|individual|contribute|afterskool100"
UCNJ1Ymd5yFuUPtn21xtRbbw,"AI Explained","AI","ideogram|integrating|arrival|smarter-than-human|bench"
UCwicfou4Ewu-koikmga-bEg,"AI In Context","AI","tune|catch|aric|suddenly|tempting"
UC5l7RouTQ60oUjLjt1Nh-UQ,"AI Revolution","AI","faiz|mov|airevolutionofficial|greatest|digestible"
UCED3hlYdD0SlCff7jJ8tF3Q,"AI Samson","AI","design|uncover|entrepreneurship|impact|explore"
UCnM9I0mYTFSO3wkfof7oUvA,"Alex Ford","Video Editing","photography|business|com|pro|final"
UCUyDOdBWhC1MCxEjC46d-zw,"Alex Hormozi","Video Editing","photography|business|com|pro|final"
UC3N1BvkmnYWqa3SSthhzReA,"Allan Walls Photography","Video Editing","photography|business|com|pro|final"
UCv42RmpB6iwadGz6n818l6w,"Alter Bridge","Video Editing","photography|business|com|pro|final"
UCDBrVr0ttWpoRY-_yZajp2Q,"alyankovic","Unclassified (sparse)",
UC34AYD6is66Xpv6HPRB0Miw,"AM/PM Podcast","Video Editing","photography|business|com|pro|final"
UCORX3Cl7ByidjEgzSCgv9Yw,"Anastasi In Tech","Video Editing","photography|business|com|pro|final"
UCXUPKJO5MZQN11PqgIvyuvQ,"Andrej Karpathy","Unclassified (sparse)",
UC2D2CMWXMOVWx7giW1n3LIg,"Andrew Huberman","Health","huberman|podcast|andrew|neuroscientist|tenured"
UCP0z2BisC_uuJGDk90gs2yA,"Arc De Soleil","Video Editing","photography|business|com|pro|final"
UC-smeLB9AnOTeypr1YyjJ3A,"ARTE Concert","Unclassified (sparse)",
UC1LpsuAUaKoMzzJSEt5WImw,"Asianometry","Video Editing","photography|business|com|pro|final"
UC7o7gV3iTgpvXqdyThjevsg,"ASICentral","Business","marketing|specialty|industry|suppliers|catalogs"
UCe0TLA0EsQbE-MjuHXevj2A,"ATHLEAN-X™","Health","athlete|workouts|athlean-x|celebrity|training"
UC1s_8hYVql2DuDmwuBt9yJA,"Aus Flight Simmer","AI","flight|simmer|aus|inform|simulator"
UCgyvzxg11MtNDfgDQKqlPvQ,"AuthenTech - Ben Schmanke","Business","authentech|purpose|tech|links|living"
UC0N-iKBpHZlhSFu6BqLsHWQ,"AV-Ultra","Music","graphics|motion|wisconsin|pbs|worked"
UCHIRBiAd-PtmNxAcLnGfwog,"B&H Photo Video Pro Audio","Photography","love|askbh|bhphoto|b&h|seminars"
UCXfC0B4gKbYEDYqValFg4Yw,"Barry KDP","Video Editing","photography|business|com|pro|final"
UCZtDUmC3W7j25XHZWFT_XgQ,"BBC Music","Music","music|jazz|records|bbc|instrumental"
UCIXKkzlHjD1rUPOLRfJZvrg,"Becki and Chris","Aviation","becki|vehicle-based|beckiandchrisvlog|centered|renovation"
UCAjSHLRJcDfhDSu7WRpOu-w,"Ben Claremont","Video Editing","photography|business|com|pro|final"
UCQbfC3DLce4TYulsmwf2lzQ,"Ben Halsall: Final Cut Pro & Adobe Tutorials","Video Editing","affiliate|program|advertising|links|participant"
UCBJh1lBd44OGUd5JrHZQvCQ,"Best of The Voice","Music","blind|auditions|battles|chairs|singers"
UCeqky0tc84Ezl0CYMW3xKkA,"Best360","shanil","shanil|proud|bridge|gap|truly"
UCOWF2oK605qOVfkCy3we32g,"BFBS Forces News","Video Editing","photography|business|com|pro|final"
UCLv09ZbvDVctHv8zIE1hoTw,"Black Tie Kitchen","AI","low-carb|pizza|keto|food|black"
UCgMQxnLWLE8YSLFnH9SHmHQ,"Blaze Grubbs","Aviation","flight|watching|21-year-old|multi-engine|ira"
UCX_gtN8XsErdLPOUkEPaqiA,"Blowout Professor","recommended","recommended|list|product"
UCC4vs_6IdURyXrwYa74k-jw,"Blues Lounge","Music","blues|lounge|band|grey|jazz"
UCRvnaTGSZQe3xuiZZZVklZA,"Bob Moses","AI","facebook|instagram|tiktok|twitter|bob"
UCxNZMlrLOGO88BnFwNYgEEA,"Bobby Bass","Music","music|jazz|records|bbc|instrumental"
UCY2p6zqx9LcPZci4KNqkEBg,"Brad West","Video Editing","photography|business|com|pro|final"
UC3stPIuUoCDHG7COfwr0tEA,"Brandon Li","Video Editing","photography|business|com|pro|final"
UC_0jev81m10XfTzggeae1Mg,"BretFX","Video Editing","photography|business|com|pro|final"
UCONzk0OgGQC5HiQ7aEPjYyA,"BRF Louisiana","Unclassified (sparse)",
UCrjya2B7Cd1yZWV1liFtnOA,"Brian Murray","Unclassified (sparse)",
UCQANb2YPwAtK-IQJrLaaUFw,"Brian Tyler Cohen","Aviation","brian|legal|important|tyler|cohen"
UC4rlAVgAK0SGk-yTfe48Qpw,"BRIGHT SIDE","good","good|community|discoveries|true|riddles"
UCxWulY15ahTxS0VieQp-HPg,"Brody Dolyniuk","brody","brody|dolyniuk|car|brodydolyniuk|technical"
UCAG3VrzHOmnNjrDeOpcZfFQ,"Brooke C","Music","drum|rockangel|endorse|meinl|cymbals"
UCoUM-UJ7rirJYP8CQ0EIaHA,"Bruno Mars","Music","bruno|mars|grammy|24k|funk"
UCZRp6-Xvzo_dBFvt9L7y3Qw,"Build Great Products","AI","build|app|big|products|next"
UC9xpl8LyFRsKXASGHBBj_xQ,"Building Integrity","integrity","integrity|construction|building|industry|educating"
UCNWb1R70xnomfDf6Iu0uZ2Q,"Burkland Gardens","3D Printing","gil|dwarf|conifers|owned|travis"
UCFCDEaQC9NqzYDTxwTejlDg,"Butcher Wizard","Business","butcher|meat|butchery|worked|wizard"
UCARXOI1UlItgIevoI5jZViQ,"CaliKim29 Garden & Home DIY","Photography","gardening|garden|gardener|food|organic"
UC6MvbqzzXu9E6SWM2Jf-g_Q,"Calum Graham Music","Music","fingerstyle|enthralled|acoustic|calumgraham|canadian"
UCl3lEILSFI3InXa5C__Phug,"Cambridge University Cosmology","theoretical","theoretical|cosmology|ctc|hawking|exists"
UCMJecdKUslHToOEpeuRGwXg,"Candyrat Records","Music","candyrat|composers|guitarists|extraordinary|features"
UCx8Thl4BbkOwslTGXzPJx0A,"Captain Steeeve","steeeve","steeeve|captain|officialcaptainsteeeve|insta|channels"
UC_hOdGU7CK_jfckv2C6kmFA,"Chill Guitar Music","Music","music|jazz|records|bbc|instrumental"
UCwjvvgGX6oby5mZ3gbDe8Ug,"China Insights","Aviation","china|dear|moved|renamed|x-ray"
UCT2kPBcD6tXn8TP_aV7BmgA,"China Observer","Video Editing","photography|business|com|pro|final"
UCRte954rw0oeMWFroy_ClAw,"Chris Hau","reminding","reminding|thechrishau|socials|talk|actually"
UCrPUg54jUy1T_wII9jgdRbg,"Chris Ramsay","Video Editing","photography|business|com|pro|final"
UC-dmJ79518WlKMbsu50eMTQ,"Clark Kegley","3D Printing","not|clark|dude|meh|hell"
UC-eicAkiRdGLguiS1dS_N9Q,"Clay Hayes","Gardening","bushcraft|hunting|bowhunting|idaho|bow"
UCaL1DGiCW-HVgqeaLuHUfJA,"Cloud Based Real Estate Brokerage with Jesse Dau","Video Editing","photography|business|com|pro|final"
UC83jt4dlz1Gjl58fzQrrKZg,"CNA","cna","cna|headlines|asia|documentaries|based"
UCHF66aWLOxBW4l6VkSrS3cQ,"Coachella","2026","2026|april|10-12|17-19|passes"
UCKvKjZ3l9azWz4F49q2R3tQ,"Coffee Relaxing Jazz","Music","music|jazz|records|bbc|instrumental"
UCrk7jhruZVuLshUNh1qUi4g,"COGconnected","Video Editing","cogconnected|spot|previews|gaming|thrown"
UC4QZ_LsYcvcq7qOsOhpAX4A,"ColdFusion","Video Editing","photography|business|com|pro|final"
UCDUhp92NhqVc0K3jSmWhgvA,"Comedy Dynamics","3D Printing","comedy|largest|company|independent|dynamics"
UCXyqlW3MOTbhpQIMapXMOSQ,"Content Creators","Video Editing","founded|contentcreator|timeframe|mention|monetize"
UCghY41qySm6IMH9VbRvf9VA,"CopyandContentAI","AI","copy|sales|button|out|writes"
UCpHdE9yhgSuM4FezX8dmbPw,"CPA Strength","3D Printing","accounting|cpa|florida|college|students"
UCzOlf72W0G4SJBHu9HxR7ng,"Crazy About Life","Health","cyclist|habits|boy|s4k|assistance"
UC08Fah8EIryeOZRkjBRohcQ,"Creator Magic","AI","coding|tools|explores|automation|integrate"
UCy6Q9UCG7Wa-N7nht2BFrHA,"CSI Starbase","starbase","starbase|csi|extremely|starship|lighthearted"
UCkUaT0T03TJvafYkfATM2Ag,"Daily Stoic","Tech","stoicism|stoic|philosophy|better|branch"
UCNf9HkMqlTFiick46DGXY7g,"Damien Cooper","Video Editing","photography|business|com|pro|final"
UCA-mWX9CvCTVFWRMb9bKc9w,"Dan Martell","AI","building|exited|invested|martell|wsj"
UC1CAa_tjoI4-bEsEjxvHJXQ,"Dane McBeth Publishing","Video Editing","photography|business|com|pro|final"
UCw2THyt0iIxN6pdCdL8LA8Q,"DangerTV","3D Printing","dangertv|dangerous|deadly|breathtaking|danger"
UCwjZLzqHYImv4oCJQcZ8Hig,"Daniel Schiffer","Unclassified (sparse)",
UCRqGBcNkSE1-w9pbh_j7bSw,"Daniella Benita","Business","hair|doylestown|pennsylvania|linked|banner"
UCpPnsOUPkWcukhWUVcTJvnA,"Dave Dugdale","Photography","worry|making|still|has|sometime"
UCNzszbnvQeFzObW0ghk0Ckw,"Dave's Garage","Tech","windows|linux|comparisons|arduino|esp32"
UCKCS2T2uR_7h4zpVETbcFjg,"David Bayer","Coding","david|legendary|marketer|live|real"
UCvixJtaXuNdMPUGdOPcY8Ag,"David Pakman Show","Aviation","clips|panels|watched|programs|debates"
UCvKRFNawVcuz4b9ihUTApCg,"David Shapiro","Coding","david|legendary|marketer|live|real"
UCO01dS4TaSRSyOipXEYPL6Q,"David Sharpe","Coding","david|legendary|marketer|live|real"
UCtkcJMyK1F46NJ5WjX7hBSw,"Dead Wax","Music","scary|pockets|pomplamoose|funk|jack"
UCobfgsTVhaIyIRAms-M4JWw,"Deep Woods Custom Guitars","Music","woods|custom|guitars|deep"
UCpr-NNORb2UQYDD3k-w-OFg,"Denys Davydov","Aviation","road|home|ukraine|pilotblog|telegram"
UCBB0oz7Yo_35gnbPYGKGJTA,"Diesel Creek","revival","revival|restoration|heavy|equipment|repair"
UCNawoJ4W-TZHiD6UTPGIiAQ,"Digital Feast Studios","Business","allentown|storytellers|crafting|imagine|engaging"
UC8wXC0ZCfGt3HaVLy_fdTQw,"Digital Trends","Video Editing","digital|trends|order|sneak|peeks"
UCPSu8IosaYxsVx5TOGFtjCg,"Dirty Loops","Video Editing","photography|business|com|pro|final"
UCEAY1udDi0HBnu7BbxDsJUg,"DIY PETE","Construction","table|pete|concrete|diy|diypete"
UCbzNcFN7cxA8HO18cTYyTfg,"Doctor Mix","Music","synth|course|guru|bird|ends"
UCHHW_lDfbAUr12BbFMqFMnQ,"DonV Filmora Tutorials","Video Editing","photography|business|com|pro|final"
UCyA6KQ8PgP98E0ToIdq8c7A,"Dr. Alex Tubio","filipino","filipino|drtubio|chiropractor|schedule|appointment"
UCXnFys9ZXBE0uyDhKHUi-dA,"Dr. Andrea Furlan","Health","treatment|toronto|medical|diagnosis|pain"
UCFAsatVhnrL8j7NXVWvK23A,"Dr. Leo","Health","achieved|bioengineering|norwegian|degree|royal"
UCIe2pR6PE0dae9BunJ38F7w,"Dr. Sten Ekberg","Music","health|holistic|ekberg|wellness|nutrition"
UCSsAoV6KrfZZ71Kkwb_GWVA,"Dr. Susan Hardwick-Smith","Health","wellness|midlife|her|susan|menopause"
UCBHhdnYxvu94yefpeZABY9g,"Dream Theater","Music","theater|metal|dream|progressive|band"
UC073quTeFarhKNe8ZuC6Qig,"Drew Builds Stuff","build","build|drew|theme|whatever|specific"
UC_PYpOA0xGq2-24E3RWyOyw,"Drone Canada","Photography","drone|flight|fly|safe|drones"
UCgJ5K7wWoFlnYC3e8eIxYrA,"Drone U","Photography","drone|flight|fly|safe|drones"
UCL4cw2w7kMcTpsqGMtzs02w,"Dub Element","techno","techno|dub|selection|progressive|deep"
UCknLrEdhRCp1aegoMqRaCZg,"DW News","Music","deutsche|welle|german|germany|government"
UCYlZLHOzom9-MryCEodaoXg,"Dylan Bates • The Final Cut Bro","Video Editing","photography|business|com|pro|final"
UC_HzoVeEzCUsHJtHCemb9sg,"Dylan John","Video Editing","photography|business|com|pro|final"
UCKUSu0zaUcTg0L6Bsxr51og,"Editors Keys","Video Editing","tech|film|making|morgan|nerd"
UCRKUD_3V4q7qyAexSuiBIFw,"El Conan","Music","music|jazz|records|bbc|instrumental"
UCskD50ri3723Tk1SkS-qAIA,"El Estepario Siberiano","Unclassified (sparse)",
UCt9kG_EDX8zwGSC1-ycJJVA,"Elementor","AI","elementor|builder|web|website|wordpress"
UCgslJ2VwZHVxw-D095WQ3lQ,"Elise Trouw","Music","multi-instrumental|paiste|endorsed|vater|pearl"
UCN7kH4qcPPPC_KWlX6Ze-Iw,"Elizabeth G","Unclassified (sparse)",
UCvrmr8Nfd86dG7pnSHC7c6Q,"EllenPlaysBass","Video Editing","photography|business|com|pro|final"
UCXAWX5r69jcqPTNAhXCSA7Q,"Elon Musk Fan Zone","Business","elon|musk|messages|people|original"
UCokX6YIQymfsKSJvqo9dGEQ,"Endless RVing","Business","rving|love|izzy|fur|baby"
UCVIo_UX--1R03WE_U3I6xEA,"Engineered Arts","Unclassified (sparse)",
UCSbyncU597LMwb3HhnAI_4w,"Epic Gardening","grow","grow|exist|guides|inspiration|dive"
UCka3OGDqIQnPcuh1DtWcBdw,"Epic Tutorials for Mobile Filmmaking + EPIC LUTs","Video Editing","photography|business|com|pro|final"
UCAPeu_wnvIB5AkQ-xnkLOJA,"Eric Welander","3D Printing","smart|since|apple|2011|ericw"
UCxByVUuLdxxiqQVmbOnDEzw,"Erik Grankvist","Business","hand|materials|old|myself|film"
UCzr30osBdTmuFUS8IfXtXmg,"Essential Craftsman","history","history|house-building|carpentry|blacksmithing|trades"
UCzz4CoEgSgWNs9ZAvRMhW2A,"Everything Electric CARS","electric","electric|everything|visit|become|exhibitions"
UCDjvi-_c_ffte2LaNaE2j8g,"F-22 Demo Team","Aviation","f-22|raptor|demonstration|team|youtube"
UCihmYOoCWYffpuMfuP7BAqA,"FD Real","close","close|teams|life-threatening|environments|ferocious"
UCKvJ_vxZZoN5yeWBU2CVGcQ,"Fit Father Project - Fitness For Busy Fathers","3D Printing","dads|health|men|busy|meal"
UC_Se32jLBjnOuftl1u3zfLw,"Fluctus","website","website|fluctus|any|geeks|incorrigible"
UCHlHSn0iwyYJg9LQETZ5R_Q,"Four80East","Music","four80east|electro-jazz|collective|groove|underpinning"
UConJDkGk921yT9hISzFqpzw,"Freethink","Coding","cultural|frontier|innovations|builders|society"
UCnvgtzmvlb6d58d9BbOKuMA,"Fstoppers","Video Editing","photography|business|com|pro|final"
UCw9zJ3qnebPPGsutiEAvu5Q,"Full Time Filmmaker","filmmaker","filmmaker|full|time"
UC_RovKmk0OCbuZjA8f08opw,"Futurepedia","AI","acquire|future-proof|leverage|skills|tools"
UC_kg1A_YPAa66hZWq7VPg7Q,"Garden Answer","Video Editing","photography|business|com|pro|final"
UCigpI42Fq8aYp6IDIoDSqQQ,"Garden Style nw","Photography","gardening|garden|gardener|food|organic"
UCWsI0LmiDyezbnN2JCL4P9w,"Gardener Scott","Photography","gardening|garden|gardener|food|organic"
UCnPPpuLBjQZYC6M2BDxd0Ew,"Gardening Products Review","Photography","gardening|garden|gardener|food|organic"
UCptL6_qMImyW_yZwiMjQdpg,"Gary Pilarchik (The Rusted Garden)","Photography","gardening|garden|gardener|food|organic"
UCctXZhXmG-kf3tlIXgVZUlw,"GaryVee","3D Printing","gary|ceo|serves|million|his"
UCR1LVH-teuA3-Kfy576TYSw,"georgemichael","careless","careless|whisper|celebrating|george|michael"
UCrWmonkmTk5NbvmVnc7f70w,"Glenn Kirschner","AI","prosecutor|glenn|justice|legal|his"
UCIJHwsTJyrH4YznoJxZmJHQ,"GR-Research","Business","1995|mainstream|loudspeaker|desire|venture"
UC9r61qohBg1qgGty4_WzojA,"GrowVeg","Photography","gardening|garden|gardener|food|organic"
UCfE5Cz44GlZVyoaYTHJbuZw,"Guga Foods","thanks","thanks|guga|bbq|brazilian|churrasco"
UC7HOGKjSKzP5PBfmdaAkbQg,"Guildhall School of Music & Drama","Business","arts|university|number|performing|one"
UC8YXmNHJ-JS0dd7z4Z9ChXA,"Harv Video/Audio Stuff","Photography","interest|pay|emails|dishonest|reply"
UCnbKOlm6H9njgmN-Yil90Rg,"Heather Cox Richardson","3D Printing","history|documentaries|network|week|american"
UCpBvckYg2UXArcfzRcjpPjw,"Helium 10","3D Printing","helium|running|software|amazon|sellers"
UC9HFMty5k4jdj36wV4E4Iuw,"Hidden Technology","sale","sale|wifi|scam|hidden|etc"
UC9MAhZQQd9egwWCxrwSIsJQ,"HISTORY","3D Printing","history|documentaries|network|week|american"
UCZEWB-9BQ2DW-gwBlJJaWNg,"Hollywood:FCP","Video Editing","photography|business|com|pro|final"
UCnorhjQR4zJkT7AVNhu395Q,"Home RenoVision DIY","Aviation","home|renovision|homeowners|thorman|renovating"
UCpJ1vJPFqImom-NN2fkBS0A,"HouseImprovements","improvement","improvement|diyers|levels|skill|construction"
UCeEqIv7lVwOOLnwxuuhQFuQ,"Hugh Hou","Video Editing","kimchi|immersive|drop|stronger|vr180"
UCqyRc7Thu1T7qLIPvy0r7JA,"I Love RV Life","sites","sites|life|share|visit|full-timers"
UC-ptWR16ITQyYOglXyQmpzw,"IAmTimCorey","Aviation","rather|questions|quick|padding|percentages"
UCZZwD8OcPUOo1WOVad_tKWA,"Idustrial Revolution","Video Editing","photography|business|com|pro|final"
UCgBg0aacyJnw4qUnb1FlfEQ,"Institute of Human Anatomy","Health","human|anatomy|ioha|jeremy|physiology"
UCFQgi22Ht00CpaOQLtvZx2A,"ITV News","3D Printing","itv|impartial|up-to-date|must-see|journalism"
UCHsThxa9HvDpSywv4bP55NA,"J. Gravelle","Unclassified (sparse)",
UCHzfWTvyt4VY7QTKKwY84Tw,"Jack Cole","Video Editing","editors|clients|teach"
UCbd-QOxzNKQifQfSuaH5I0A,"JackConteExtras","Music","scary|pockets|pomplamoose|funk|jack"
UC0aNNLyM8FveAGEeaOND10A,"Jahin Shahriar","3D Printing","web|freelance|ecommerce|design|jahinshahriar"
UC-U0quP8-RF1pvyCessLg0g,"Jake Sloan","Photography","harsh|alaskan|wilderness|lenses|drones"
UCMb0O2CdPBNi-QqPk5T3gsQ,"James Hoffmann","Business","coffee|buy|touch|how-tos|mini-documentary"
UCZG-C5esGZyVfxO2qXa1Zmw,"Jared Polin","Photography","photos|come|much|photography|right"
UCMlK5j8VTQHD21a79_cnZxA,"Jasmine Hardie","AI","aims|outdoor|enthusiast|adventure|inspire"
UCSm7riYU-NTWWFlG9XJBcRA,"Jason Lee","3D Printing","lee|jason|burning|solo|builder"
UC7Y1wd4-c4H2Cl0lAuNvJ-Q,"jaybyrdfilms","Video Editing","aerial|films|jaybyrd|cinema|jaybyrdfilms"
UCR-DXc1voovS8nhAvccRZhg,"Jeff Geerling","maker","maker|inflammatory|enigma|called|father"
UCXoJOZU-pR7AfD5yfae-zNg,"Jenn Jager Pro Tutorials","Video Editing","photography|business|com|pro|final"
UCUSySH2YjIwsDu2Hx6DWwTA,"Jesse Dollemore","Photography","jesse|podcast|doubt|dollemore|business-as-usual"
UCFIRm1Fv1VC4DZxmYyvNOTQ,"Jeven Dovey","jeven","jeven|dovey|lets|angeles|teaches"
UCf9BO33b-MnIxB5y0azrxmg,"Jimmy Carr","Video Editing","photography|business|com|pro|final"
UCa6vGFO9ty8v5KZJXQxdhaw,"Jimmy Kimmel Live","Video Editing","photography|business|com|pro|final"
UC-2YHgc363EdcusLIBbgxzg,"Joe Scott","answers","answers|funny|joe|questions|take"
UC5PA3oLhFbaba-LlbR_xVNg,"joegardenerTV","Photography","gardening|garden|gardener|food|organic"
UC_Oz4jIU_rSmXaBH69kmddw,"Johnny Davidson - Drumming & Hang Gliding","Music","thejohnnydavidson|paypal|amazing|please|support"
UCmGSJVG3mCRXVOP4yZrU1Dw,"Johnny Harris","newpress","newpress|unitedtalent|journalist|understand|independent"
UCXoMM35ugF5iOzAEb-PmfRA,"Jonathan Petramala","Business","documentarian|attention|resilience|petramala|petramalacc"
UC40gs0opj389ohjLnJIAJzA,"Jonathan Young","Photography","young|turks|hosts|member|super"
UCqq3PZwp8Ob8_jN0esCunIw,"Just For Laughs","Video Editing","comedy|laughs|festival|stand-up|most"
UC8Sh9yuLqlpnQdBdcfwFErA,"Just One Dime","Tech","dime|single|love|people|creating"
UCkUDijzPGiHVBSeOktgpMiQ,"K9’s and Chaos","warriors","warriors|protect|communities|country|dedicated"
UCrBId04l9CaruJsQ5Q8y9lA,"Kanade Sato","Music","old|co-starring|minoru|mukaiya|appeared"
UCcFfP0Px7cO3h6BCZUpXUQQ,"Keith Wheeler Books","3D Printing","self-publishing|books|aspiring|author|post"
UCIma2WOQs1Mz2AuOt6wRSUw,"KenDBerryMD","Health","phd|ancestral|health|physician|download"
UC_fXTGbg6ck3BU6X65e3sag,"Kendrick's Gear Journal","Video Editing","affiliate|program|advertising|links|participant"
UCnAGH-jp4YXl30rir1BPrxA,"Keto Recipes","Health","berg|recipes|weight|keto|healthy"
UC-s3Pb8uIBm0QN8MVaulJKA,"Kindlepreneur","3D Printing","kindlepreneur|develop|ebooks|ams|helping"
UCQaqi80QVyIhFQ6HZTXCeOg,"King County Sheriff Air Support","AI","county|sheriff|king|air|unit"
UCLRlryMfL8ffxzrtqv0_k_w,"KinoCheck.com","Tech","movie|kinocheck|hottest|250|warner"
UCyKUfgfeRaCrqMr9b0UcSoQ,"Kraken The Box","Video Editing","kori|captain|hearties|mate|pixi"
UCW7bg34be3iNMXjPNctjYKA,"KSENIA BUZINA","Unclassified (sparse)",
UCFbtcTaMFnOAP0pFO1L8hVw,"Kyle Hill","Music","science|interesting|education|nuclear|communications"
UC4oVjJptcsvtgIMrdIUQYlQ,"LADbible Stories","stories","stories|ladbible|honesty|elite|told"
UCXZDUSJ0XU4KxhI00R_yCXQ,"Lari Basilio","Video Editing","photography|business|com|pro|final"
UCSvCR76uY0R8mjVETskWRvg,"Larry Jordan","Video Editing","larry|jordan|got|improve|need"
UCz8K1occVvDTYDfFo7N5EZw,"Law&Crime Network","3D Printing","crime|law|legal|trials|abrams"
UCzUyasGg5A03r3zPkorqIBQ,"Learn Color Grading","Video Editing","resolve|fairlight|crash|tab|fusion"
UCyy1JVscJxxJfJx2IrQm2Ug,"Learn From Most Influential Investors","investors","investors|influential|most"
UCWWq67D7TofEPq_eBiaYCWw,"Learn Online Video","Video Editing","epic|easy|master|skills|art"
UCUnFheTbVpASikm0YPb8pSw,"Learn Organic Gardening at GrowingYourGreens","Aviation","john|beyond|food|growing|his"
UCJgZJZZbnLFPr5GJdCuIwpA,"Legal AF","legal","legal|meidastouch|combined|popok|curate"
UCpa-Zb0ZcQjTCPP1Dx_1M8Q,"LegalEagle","3D Printing","legal|law|lawyer|attorney|movies"
UCReiNw77Lw8Es5VMNekirrw,"Leggari Products","Construction","leggari|surfaces|existing|renovate|concrete"
UCD5ZsXiIFlrWrbOCM6rEDKQ,"Leonid & Friends","Unclassified (sparse)",
UCq6TJZjUFp877PkgeJkETew,"Lester Picker","Video Editing","photography|business|com|pro|final"
UCJXz-QU2_KU7pSuWr12XTHA,"Levi Allen","Tech","levi|allen|int|swag|check"
UCSHZKyawb77ixDdsGog4iWA,"Lex Fridman","Unclassified (sparse)",
UC74ssco0gFbhNpXHJyYcYEQ,"Lexington Lab Band ®️","3D Printing","honor|songwriters|interpretation|tunes|collaboration"
UCui4jxDaMb53Gdh-AZUTPAg,"Liam Ottley","AI","agency|automation|learnings|own|entrepreneur"
UCX1RcjoZnq4UHSrj0Vc03Bg,"LIFT-OFF","Video Editing","photography|business|com|pro|final"
UCKHO2e2sy2wqu1Ch8j7zfrA,"Lisa  Life and Style","Music","fashion|lisa|lisasz09|woman|products"
UCItFLm69UtzH5FYCnHJfAHg,"LITTLE BIG BEAT STUDIOS","Music","mastering|sizes|high-end|mixing|labels"
UCZ2wHrgU2nr0CoO0KNSDV5g,"Live Nation","upcoming","upcoming|livenation|near|fans|tours"
UC1nJElGcVcTpeZJVyxEbzJw,"Live Storms Media","footage","footage|sells|networks|affiliates|twc"
UC-6LDZDGRvS8XH9O8An4kEg,"Live Your Message with Marisa Murgatroyd","3D Printing","marisa|murgatroyd|coached|hustlers|empires"
UCOwiQHSjCZdLfurAAnh7v7w,"LLTArchived2","Unclassified (sparse)",
UCBeWUqDIm65lB9w9MuDAWrA,"Locometric","Unclassified (sparse)",
UC-RA5BzE_BnZhf5iVdNF1hA,"loopop","Music","music|jazz|records|bbc|instrumental"
UCG2Any5yo0Lgiwf3o_GiF-A,"Los Lonely Boys","Video Editing","photography|business|com|pro|final"
UC3TqK2sSktlk7CmXGpw7_Cg,"Low End University","Music","albums|bass|michell|his|low"
UC6biysICWOJ-C3P4Tyeggzg,"Low Level","security","security|cyber|software|week|every"
UCM05jgFNwoeXvWfO9GuExzA,"Luke Beasley","show","show|beasley|clicking|luke|humor"
UCZrvodIV5I4meIJl8P2NF6A,"Luke Million","Unclassified (sparse)",
UCMLtBahI5DMrt0NPvDSoIRQ,"Machine Learning Street Talk","AI","mlst|podcast|unrivalled|scope|rigour"
UClI2TvzZX2IkZ_usZV8QOvA,"Mack Avenue","Music","music|jazz|records|bbc|instrumental"
UCqmjz2x7NffJRMg4mmeDTvg,"magicplan","3D Printing","magicplan|easy-to-use|utilities|plans|reports"
UCcNrmSXswsMJzuaSQknziTw,"Make Money Matt","Business","matt|par|legitimate|career|strategies"
UCmRE4gvdeDkwf1oJrsabWWQ,"MAKE. ART. NOW.","Photography","calculated|abandon|kit|dreams|camera"
UCZiGGE0e0DctISlShAILbjQ,"Marcin","Video Editing","photography|business|com|pro|final"
UCknsp0YMH7BwVes8_bwWpnw,"Mark Harrison","browsing","browsing|challenge|try|motivated|yourself"
UCY1kMZp36IQSyNx_9h4mpCg,"Mark Rober","3D Printing","engineer|nasa|crunchlabs|monthly|mechanical"
UCsPpLcxHv5XJw4Rx5GALUjg,"MarketingBlocks AI","AI","marketingblocks|coaches|used|grow|agentic"
UCKqf_mRynhJ_o0oGOH4VNvg,"Marla Heller, MS, RD, Mediterranean & DASH expert","Music","dash|diet|marla|hypertension|blood"
UCKrWgJg6GU9OwC-5fSqfB1g,"Martin Miller","Music","miller|guitar|martin|worldwide|musician"
UCjvBO4kjuBSYe6Bi3RYQAQA,"Mary Kate ""M.K."" Williams","3D Printing","self-publishing|books|aspiring|author|post"
UCSzRlpPbZTA6b8weTKnSHlA,"Mary Trump Media","3D Printing","trump|mary|her|truth|authoritarian"
UCP5A5lVxaT7cO_LehpxjTZg,"Matt Diggity","3D Printing","seo|search|results|real|diggity"
UChYHKRass0kZvBkVKQuZElQ,"Matt Gray","Video Editing","photography|business|com|pro|final"
UCh1vNDTd-d60UEJRf6BAUZA,"Matt Johnson’s Keyspace","3D Printing","player|keyboard|jamiroquai|keyboards|sample"
UCLAEBQMxxwE6gNy13q_rdcg,"Matt Lorion","Business","gen|cnbc|massachusetts|south|skipped"
UChpleBmo18P08aKCIgti38g,"Matt Wolfe","AI","twiter|threads|linkedin|mattwolfe|capabilities"
UCwdVOry0oNF9WIe_3uCfz9Q,"Matt's Off Road Recovery","Aviation","positive|road|off|towing|recoveries"
UCFTEN8q_sQNHVENU4KcCMAA,"Matthew Anderson","Unclassified (sparse)",
UCawZsQWqfGSbCI5yjkdVkTA,"Matthew Berman","AI","machine|rule|learning|artificial|intelligence"
UC45W_AtKcDxSmWR1s1xsLEg,"Matthew O'Brien","Video Editing","photography|business|com|pro|final"
UC_pT_Iz6XjuM-eMTlXghdfw,"Max the Meat Guy","AI","facebook|instagram|tiktok|twitter|bob"
UCeRxxz9ByOqdd8A-0iF_Idg,"Mayday: Air Disaster","AI","air|mayday|disaster|happened|follows"
UC4InHaWu_I_vSuBPlVj_L3Q,"mbmars01","3D Printing","mbmars01|mbmars|mbmars02|productions|both"
UCG-iSMVtWbbwDDXgXXypARQ,"MedCram - Medical Lectures Explained CLEARLY","3D Printing","medcram|students|medical|clinicians|clarity"
UC9r9HYFxEQOBXSopFS61ZWg,"MeidasTouch","unapologetically","unapologetically|pro-democracy|golden|fastest|law"
UCwpHKudUkP5tNgmMdexB3ow,"Mentour Pilot","AI","industry|airline|incidents|suggest|aboard"
UCru5yi7yq_Y8Q4Ye4eB0r2Q,"MHFIN","investment","investment|inflation|bitcoin|contained|construed"
UC1vts8sER8VOrgh9L8RyBOQ,"Michael Ramsey:                       On The Riser","Music","touring|drumlessons|rickkroadtrip|biggunacdctribute|pearldrums"
UCqBERDzM6ZcovT1s01kIrVg,"Michigan Foot Doctors","Health","medical|injuries|physical|purposes|any"
UCFtEEv80fQVKkD4h1PF-Xqw,"Microsoft","3D Printing","inclusive|role|sustainable|every|person"
UCJ9905MRHxwLZ2jeNQGIWxA,"Microsoft Mechanics","AI","microsoft|tech|mechanics|developers|in-product"
UCVGVbOl6F5rGF4wSYS6Y5yQ,"MIgardener","Photography","gardening|garden|gardener|food|organic"
UCYEiWHoP2IHHgjOapTAYMQw,"Mike Russell","Video Editing","audio|studio|svs|home|exceptional"
UCh35n5aqG8fF2tXXEtDd0EQ,"Military News","military","military|armed|technologies|forces|warleaks"
UC_P_VjGqCyjQyCwBUPu4lHg,"Milo Andreo","Music","que|tocar|teclado|você|não"
UCYenDLnIHsoqQ6smwKXQ7Hg,"#Mind Warehouse","Unclassified (sparse)",
UCUHW94eEFW7hkUMVaZz4eDg,"minutephysics","3D Printing","simply|rutherford|einstein|wikiquote|henry"
UC8sibhG707qg5AlVlj5P3mw,"Momentum Productions","Video Editing","tech|film|making|morgan|nerd"
UCmIxjdhwpUI5lDoslfDqcPQ,"Money on The Side","3D Printing","self-publishing|books|aspiring|author|post"
UCSL3dIAj0iMBz1V4Rz-AUFA,"MOTIV8","motiv8","motiv8|speeches|motivational|hello|motivated"
UCs26XZBwrSZLiTEH8wcoVXw,"Moz","Business","marketing|specialty|industry|suppliers|catalogs"
UCaVp-iXRPfiSxbkhmi56IHQ,"MrMBB333","3D Printing","mrmbb333|earth|watchman|changes|know"
UCaXkIU1QidjPwiAYu6GcHjg,"MSNBC","msnbc","msnbc|diverse|perspectives|premier|insightful"
UC-9-kyTW8ZkZNDHQJ6FgpwQ,"Music","Music","music|jazz|records|bbc|instrumental"
UCV-gQcOtKcxOPaPk1MVe4jQ,"Music Shed","Music","music|jazz|records|bbc|instrumental"
UC5ve4DxNMLRXOetCYWFUkYw,"Música Progressiva","criado","criado|divulgar|progressiva|progressivo|todos"
UC8JT2m0mKEgvEtie3JNKwew,"Naked Science","science","science|naked|unseen|alien|insides"
UC-_eueKsPcJUPnCguEufWPA,"Nate's Tech","Video Editing","tech|film|making|morgan|nerd"
UC_7KM3ANRHy2zhQ_zl-C4XQ,"Nathan Cool Photo","Video Editing","photography|business|com|pro|final"
UC0Z-E_L3z_JLVNuFoS8fefA,"National Park Diaries","3D Printing","park|parks|national|places|diaries"
UCejgtTHroWI5sF_2-fuiF4Q,"Nature's Always Right","Gardening","regenerative|agriculture|steven|farms|soil"
UCqZQlzSHbVJrwrn5XvzrzcA,"NBC Sports","Music","sports|nbc|paramount|cbs|movies"
UCl-Zrl0QhF66lu1aGXaTbfw,"Neil Patel","Business","marketing|specialty|industry|suppliers|catalogs"
UCtYKe7-XbaDjpUwcU5x0bLg,"neo","neo","neo|ranging|geography|society|creates"
UCCjG8NtOig0USdrT5D1FpxQ,"NewsNation","Video Editing","photography|business|com|pro|final"
UCcJceGUaevGlP7s2xzL9akA,"Next Level Gardening","Photography","gardening|garden|gardener|food|organic"
UCunQ-SNSI9uOZwrb62po_tQ,"Next Level Riding Clinics","Health","riding|snowmobile|clinics|informative|level"
UCRmm7T6mAm-QBNvnEaIl3AA,"Nick Johnston","Misc",
UCxv1rK6prSp2aoNqNyxD_Vg,"Nick Page","Video Editing","photography|business|com|pro|final"
UCX9mv-ifhUnNrRi8qdscFeQ,"Nick Powell Photography","Video Editing","photography|business|com|pro|final"
UCbo-KbSjJDG6JWQ_MTZ_rNA,"Nick Saraev","Video Editing","photography|business|com|pro|final"
UCxMoaKZtWKFuHGr7LIInOOQ,"Nick Stephenson","Music","author|authors|head|audience|company"
UCkJld-AoXurbT2jDnfM8qiA,"Nigel Danson","Photography","district|landscapes|landscape|photography|photographing"
UCPhq7iR65k0gWcraXgLiY1A,"Nigel John Stanford","nigel","nigel|cymatics|visualization|robotic|wellington"
UCM2FoYtC-2PQzMr_gDfQnHg,"No Film School","Video Editing","tech|film|making|morgan|nerd"
UCFPzKZg-By8_DtBJiEDLcJw,"NOAPOLOGY","Music","booking|noapologyband|daria|zaritskaya|sergey"
UCUowDOg5xfSWV0hUYeUUbfw,"Notepirate","3D Printing","accounting|cpa|florida|college|students"
UCjHz5SVHeMT0AViCYZvsGDA,"NOVA PBS Official","AI","nova|power|viewers|life|pbs"
UC2mLN9pZNE8_ccLHmA1SHvA,"NovationHelp","Unclassified (sparse)",
UC4eYXhJI4-7wSWc8UNRwD4A,"NPR Music","Music","music|jazz|records|bbc|instrumental"
UCHvSoleJlpzZYEHpcn32Xng,"NWVideoTours","Unclassified (sparse)",
UCAhcelYvyDAPy0cn_sscWkw,"Off Grid In The Pacific North West","AI","nova|power|viewers|life|pbs"
UC5kQUZFCbuZQorVnzS6P_xA,"Olivier Girard - the Posture Guy","3D Printing","posture|ergohlistic|body|technically|minded"
UCdYVQ4i7eZD_GJkL4yxkKCw,"Olufemii","3D Printing","olufemii|nigerian-american|mystique|seemly|unexplainable"
UC8JracmfBuygk-myx7lVZnw,"On the House - Real Estate Marketing","Video Editing","photography|business|com|pro|final"
UC0XRm3cLtvjjceli-Oa1X2Q,"ONSCENE TV","onscene","onscene|breaking|stories|photojournalists|bay"
UCwpRQ_NrBJvGlwCG__qy9Og,"Ordinary Filmmaker","Photography","rumours|rumour|submit|deliver|hours"
UC2itzMBo0R0kHZ8cF7nrcaA,"Oregon Public Broadcasting","opb","opb|oregon|public|generous|connected"
UCeE3lj6pLX_gCd0Yvns517Q,"Ozzy Man Reviews","Tech","reviewing|wildlife|wtf|vids|conducting"
UCSxR0IZEq1WhTJqAnQGyk4g,"Pacific Northwest Weather Watch","streams","streams|weather|severestudios|radar|gps"
UCTQnU1zyhvwscc2P5QS-tLw,"Pakman Live","Coding","david|legendary|marketer|live|real"
UCs030M7gu_Pi2ag9a12oa8w,"Pan Rocks!","pan","pan|rocks|steelpan|ultimate|rock"
UCrRttZIypNTA1Mrfwo745Sg,"Paramount Plus","Music","sports|nbc|paramount|cbs|movies"
UCQhuXR2O6MpsCHfByBiF10Q,"Pavement Repair Products Co.","AI","repair|fastpatch|asphalt|concrete|products"
UCpxYSWgxVt3Pyn1ovXsGQ0g,"PBS Terra","3D Printing","science|natural|untold|overview|nature"
UCkRhsBbu0tvQrXBtvpl0kIg,"Peaches Skin Care","skin","skin|foundation|makeup|properly|belief"
UCI6GYwCv9ZFkoiUgobwcLzQ,"Performance AI","AI","performance|strive|easier|ways|going"
UC4hELpI0Zw3t7ASEGkgkmZA,"Peter Barber","Music","music|jazz|records|bbc|instrumental"
UCaPZyvqGjmxdTUYhyf1zEkQ,"Peter Leyden","Video Editing","leyden|future|reinvent|magazine|politics"
UCtM-xct7QQx0dL-swaMzYbg,"Peter Lindgren","Video Editing","photography|business|com|pro|final"
UCXElBPBCkhdDWMmCPMFq_6A,"Peter Makholm","gimbal","gimbal|makholm|peter|cinematic|petermakholm"
UC3DkFux8Iv-aYnTRWzwaiBA,"Peter McKinnon","Video Editing","photography|business|com|pro|final"
UCbOh7f6EoY4K-2Vvii-17xg,"PHANTOM","Unclassified (sparse)",
UC9n0tUXP7QB5ALfg3PFO19A,"Photography Pro","Video Editing","photography|business|com|pro|final"
UCdQ_ZkYaMe6qPoueUyPQgpQ,"Photoshop Training Channel","Photography","photoshop|ptc|adobe|worked|simple"
UChYbZdv4UApRyuAwCKMVuYg,"Pixel Film Studios","Video Editing","photography|business|com|pro|final"
UCtrdEiQnaRrmseXgggjt3Dw,"Plaid Crafts","3D Printing","craft|plaidcrafts|paint|folkart|mod"
UCnA2IGSh8jOPPiz20oamKzA,"Planet Fitness Beginner","3D Printing","gym|fitness|basics|planet|anytime"
UC-MEgsEcEkbSuPWpu4a-PzQ,"Plini","bedroom","bedroom|sydney|musician|stuff|food"
UCKRoXz3hHAu2XL_k3Ef4vJQ,"Pod Save America","AI","no-bullshit|crooked|conversation|jon|america"
UCDe08Fs0s0YKJuk5h45csAQ,"Polyphia","Video Editing","photography|business|com|pro|final"
UCSiPjfAJBgbFlIUsxOWpK0w,"PomplamooseMusic","Video Editing","photography|business|com|pro|final"
UCbU6Rve0XMNZ2a2yaYgjlTA,"Pondering Politics","jessiah","jessiah|ruthless|democratic|authoritarianism|geek"
UCaw4VmRW8SfygV2u044OpoQ,"POP PSYCH","realpoppsych","realpoppsych|psychologist|employer|psychology|opinions"
UC9OFhiq5cs10XYGDwBO_7xg,"Porcupine Tree","Video Editing","photography|business|com|pro|final"
UCWSRFubEPtc-EvqNChdc-ZQ,"Portal Joss Stone","Video Editing","photography|business|com|pro|final"
UCrZ58f5yvy0HQ9hm-hZ1H_g,"Portland Life","portland","portland|call|oregon|503-804-1466|moving"
UCMOqf8ab-42UUQIdVoKwjlQ,"Practical Engineering","Business","practical|engineering|infrastructure|human-made|grady"
UCZa-aF5az5nT4PL4XecbCNw,"Primal Investor","literacy","literacy|progress|elevate|financial|journey"
UClyyA0EAUcQ34b7jdFn1m_Q,"ProCamera","Video Editing","photography|business|com|pro|final"
UCQGv_dy-oLeu5SSgz2_8i8w,"Project Diaries","Gardening","diaries|materials|projects|project|hobbies"
UC2rzsm1Qi6N1X-wuOg_p0Ng,"Project Farm","Aviation","sorts|automotive|ripped|supporters|decline"
UCX6c6hTIqcphjMsXbeanJ1g,"Prompt Engineer","AI","revolution|fingertips|vigilant|eye|anthroic"
UCNB_pp1iJiEDvTxO5wENMZA,"Puddle Of Mudd TV","Music","puddle|mudd|band|backstage|llve"
UCK5-hzSvMAPSSo2vH_LtNKw,"Quazi Johir","principles","principles|job|able|reach|only"
UC3uCNdbm9RZb3F_KZKX5u4w,"Rainbow Gardens","shall","shall|covenant|flesh|cloud|bow"
UC15W5y0lGyZD7DNIW_VmnyA,"Raiv Creative","Photography","story-driven|sets|pure|luxury|fashion"
UCpJ7ZS8hK-IOeciv952Xhug,"Really American","grassroots","grassroots|subscirbe|breking|memes|resistance"
UCblfuW_4rakIf2h6aqANefA,"Red Bull","Aviation","bull|plenty|red|sport|seen"
UCV6hWxB0-u_IX7e-h4fEBAw,"Reed Timmer","AI","weather|tornadoes|meteorologist|severe|bad"
UCjIrqdXaUzYEEAIib8bsBrw,"ReelinInTheYears66","Music","material|footage|archive|hours|interviews"
UCCD_GyqAJ2w5UpH9R4yIEjw,"Reinhardt Buhr","Music","reinhardt|cello|didgeridoo|israeli|shofar"
UCif0FLmduEgE0i6ApPOf6IQ,"RemotePilot101","Unclassified (sparse)",
UCLBHPoY3NugnZYURxln3fKQ,"Rene Ritchie","means","means|lives|culture|technology"
UCCJ56k8nBeqWLoxNa6DToAQ,"Rhett Shull","Music","rhett|nashville|shull|atlanta|date"
UCxp6k6RQ2oP6EmP0W5_J7-g,"RichardTaylorTV","Video Editing","animal|richardtaylor|humor|richard|yard"
UCJquYOG5EL82sKTfH9aMA9Q,"Rick Beato","Music","music|jazz|records|bbc|instrumental"
UCcp-HjtmTMeIJ-0RrSHSGLA,"Rick Beato 2","Music","music|jazz|records|bbc|instrumental"
UCmNAkARqTFvNoyxmFhKTS9Q,"Rick Mulready","Video Editing","photography|business|com|pro|final"
UC-Qy-4esLdXmO1F6k5kz0Qg,"Ripple Training","Video Editing","photography|business|com|pro|final"
UC5UbM7c9BhNBto3_zDcdr4w,"RMNS Channel","Music","music|jazz|records|bbc|instrumental"
UC0FBv8ckxw1hrZxbUm3G7hA,"Rob The AI Guy","AI","robtheaiguy|increase|overall|date|rob"
UCuR8L5fK6ZXyApcL7vMcv0g,"Robert Benjamin","coaching","coaching|audit|mentor|spots|reels"
UCpVqUbp1Q3LPlOg4DG6F6pQ,"Ronny Jordan - Topic","Music","music|jazz|records|bbc|instrumental"
UCCLD2QUYsDuHdBkQp10Yy0w,"RUHM","Photography","ruhm|luxury|full-service|marketers|finest"
UC5C-Asy_myoWCkLEtZR72SA,"Rush","Unclassified (sparse)",
UCJU1nWTl6sC_KaXgkqcnBnA,"RV Pastor Kevin","Unclassified (sparse)",
UCNl2ziy9FwESuahXMyfCRVA,"RV Tips & Travels","Photography","maintenance|performed|ross|tara|rvtaa"
UCy4vTBzImDfSEQejeWt-xVA,"RVstreet","Photography","joanie|rver|traveling|motorhome|martin"
UCJHAT3Uvv-g3I8H3GhHWV7w,"Ryan Hall, Y'all","AI","weather|tornadoes|meteorologist|severe|bad"
UCG98giOsUxIlXV0rNUhxLew,"Ryan Serhant","serhant","serhant|mple|rlty|mad|owning"
UC_tusQ99Bno--GHjhb1Aa6g,"RyanNangle","Video Editing","photography|business|com|pro|final"
UCegKDBFMUSQNeWe4FAB7aig,"Sade","Unclassified (sparse)",
UCwjDLq70gf6j9B5ykweXJRg,"Samazonkdp","3D Printing","replace|9-5|terms|allow|entirely"
UCx7DWIF3zT2xapezCxIzNVQ,"Sandra Di","Video Editing","photography|business|com|pro|final"
UCpsHnULJAkwwckxzdmspKDw,"sawyerhartman","Video Editing","photography|business|com|pro|final"
UC-2JUs_G21BrJ0efehwGkUw,"Scary Pockets","Music","scary|pockets|pomplamoose|funk|jack"
UCs-HqvE13SeePDZEpC__Mkw,"Scott Suggs","3D Printing","ads|selling|own|dollars|ton"
UCWTj3vCqkQIsrTGSm4kM34g,"Scott's Bass Lessons","Video Editing","photography|business|com|pro|final"
UCEtMRF1ywKMc4sf3EXYyDzw,"ScottHermanFitness","keeping","keeping|stick|consistent|dream|mailing"
UCRhV1rWIpm_pU19bBm_2RXw,"Sean Carroll","physicist","physicist|writer|talker|theoretical|trying"
UC6ITJIW6jgrrP5irR7WoHrw,"Sean Dollwet","Video Editing","photography|business|com|pro|final"
UCxPmXKxJcDAhuYVHeFFyGTA,"Sebastian Maniscalco","Video Editing","photography|business|com|pro|final"
UCJm2TgUqtK1_NLBrjNQ1P-w,"Second Thought","Business","thought|second|gmail|socialist|sponsor-free"
UCcaKZ3y-OXjmZZGD-OL--MQ,"Self Publishing Empire","AI","publishing|kdp|amazon|books|income"
UCkOTYGNYxS6jq7JT3Fk5NEQ,"Self Publishing Titans","AI","publishing|kdp|amazon|books|income"
UC4B8ywA2Cz_K95w2oeWxizg,"Sell on Amazon","Unclassified (sparse)",
UCadiUi-KZoFk1K5ZDsluLcA,"Sen. Adam Schiff","Music","senator|fighting|economy|husband|father"
UC5J-7sW8cVzCGyKN8ym4QsA,"Serge Morgotch","Video Editing","practices|morning|uploaded|monday|story"
UCBtR7ynKM9odz-PW_7uyzDw,"SevereStudios","streams","streams|weather|severestudios|radar|gps"
UCN9Qw0JvYMh2HwmwSSy3n0w,"Shawn Dolinski","Video Editing","photography|business|com|pro|final"
UCv7Bgr5Mq-dPYu-Ol4AocEA,"Shinedown","AI","facebook|instagram|tiktok|twitter|bob"
UCAc1soZsuAm94dgctvyGAzw,"Shot by Myles","Photography","tea|addict|aiming|yorkshire|limited"
UCGn3-2LtsXHgtBIdl2Loozw,"sina-drums","Music","music|jazz|records|bbc|instrumental"
UC50lv4EYY1N1_-B495meX8w,"SketchUp","Photography","great|drawing|sketchup|draw|because"
UCwSozl89jl2zUDzQ4jGJD3g,"Skill Leap AI","AI","step|leap|futurepedia|skillleap|7-day"
UCif4ZSCR6TQ9NgliluF6Ksw,"SL Epoxy Floor Paint","epoxy","epoxy|floor|paint"
UCUol4EQWxfmxKUCiKjHxUjA,"Smart Money Tactics","Video Editing","photography|business|com|pro|final"
UCo1t7ajBc5r44Ejxnod-h7Q,"Snarky Puppy","Unclassified (sparse)",
UCE-xQTbJXX0wBi_cbA7-XAw,"Sons of Legion","Photography","sons|legion|rock|soul|powerhouse"
UC00LJoYxVb0T8e5miMBl0EQ,"Southwestern Health Resources","3D Printing","southwestern|physicians|right|resources|care"
UC_lGMZMTN7Oh9DRKV2eaMtg,"SPACE DESIGN WAREHOUSE","Photography","nicholas|johnson|art|apple|spacedesignwarehouse"
UCU-dblTpSJE0KkvHnj323LA,"Space SPAN (Space Policy and News)","Video Editing","photography|business|com|pro|final"
UCTiL1q9YbrVam5nP2xzFTWQ,"SpaceWeatherNews (S0)","AI","weather|tornadoes|meteorologist|severe|bad"
UCMV3aTOwUtG5vwfH9_rzb2w,"Spark","3D Printing","history|documentaries|network|week|american"
UCpDJl2EmP7Oh90Vylx0dZtA,"Spinnin' Records","Music","music|jazz|records|bbc|instrumental"
UCLihM2pKzsuimSfMmlDB5EQ,"StartupBros","Video Editing","photography|business|com|pro|final"
UClKIjbgtWGzHtXhBDS_I0pg,"State Azure","Music","music|jazz|records|bbc|instrumental"
UCN3d4-i8WLD7LP-9JgADIBg,"Sterling Patrick Fuentes","sterling","sterling|patrick|fuentes"
UC-9mlH6az1Q_XUP3fw1N4Fg,"Steven Wilson","Video Editing","photography|business|com|pro|final"
UC9tnwOsaA7T29VuUCuXvr7g,"Stewart and Alina","Music","gear|promos|wedding|top-tier|100k"
UCjyDzADaZy1WFUWqFmfcHJg,"StreamGeeks","streamgeeks","streamgeeks|sign|newsletter|recordings|live"
UCUFoQUaVRt3MVFxqwPUMLCQ,"StudioBinder","studiobinder","studiobinder|sheets|schedules|storyboards|moodboards"
UCj1VqrHhDte54oLgPG4xpuQ,"Stuff Made Here","Home Repair","building|things|engineering|exposed|plastic"
UCFhMWAVkp-3T2YnwdwH0TXQ,"SVS","Video Editing","audio|studio|svs|home|exceptional"
UCSDNfhsWyNOz8foxx5p8unQ,"Sweet Project Cars","sweet","sweet|cars|money-saving|trucks|per"
UCN-JravNOcJu1KBAeuecQ0Q,"Tal Wilkenfeld","Music","tal|her|billboard|singer-songwriter|instrumentalist"
UCT5C7yaO3RVuOgwP8JVAujQ,"Taskmaster","Aviation","taskmaster|award|9pm|episodes|well"
UCAVglge_6d2KfnNK3Ar_gag,"Taylor Brown","dmv","dmv|houston|usa|currently|area"
UCVXr-MS0WcLk5m8D0iVkZ3A,"Tazzie Tazzie","Unclassified (sparse)",
UCyH3IAelkUFM0u6Iacx22lA,"Tears For Fears","Music","hurting|big|duo|synth|became"
UCdngmbVKX1Tgre699-XLlUA,"TechWorld with Nana","Aviation","devops|docker|cloud|topics|mainly"
UC6ckWeFOnxq5JNGdB5_QKcg,"Ted the Butcher TV","Unclassified (sparse)",
UCqP533PjxjSyExyasIe8cNw,"TekMatix","3D Printing","tekmatix|crm|utilise|advantage|demos"
UCaHkDyvWVXXAGyG2lURMaYg,"Tennessee Brando","Music","meidas|contributor|tennessee|brando|commentator"
UC0p-6V0WzrDWfwUQlyKpv6w,"Texas Academy of Family Physicians","physicians","physicians|texas|academy|family"
UCFlXQdhS9koeFIxUagXhb4g,"thatbassvoice®","Music","thatbassvoice|eric|hollaway|reimagined|somewhere"
UCHhYXsLBEVVnbvsq57n1MTQ,"The AI Advantage","AI","toolkit|practical|actually|build|tutorials"
UCKelCK4ZaO6HeEI1KQjqzWA,"The AI Daily Brief: Artificial Intelligence News","AI","brief|useful|discussions|fast|listen"
UCz0zSuukBglV2YwG3_7uKRg,"The Apple Circle","Tech","bite|theapplecircle|jfl|covering|part"
UC6n8I1UDTKP1IWjQMg6_TwA,"The B1M","3D Printing","construction|fred|mills|b1m|subscribed-to"
UCx5KB2QDUDH-o8PFnF3yJCQ,"The Basic Filmmaker","Video Editing","blah|filmmaker|basic|sound|audio"
UC0r6S4hmYdRcDnw7zey7Myg,"The Bearded Butchers","Business","pillar|butchering|brothers|lifestyle|bearded"
UCG4Hp1KbGw4e02N7FpPXDgQ,"The Bulwark","analysis","analysis|bulwark|defense|liberal|hot"
UCuvjQYKukKjVyhSVxQibgOw,"The Calum Johnson Show","3D Printing","curious|wealthier|remarkable|movement|happier"
UCry6nxAo2tfVyO6lEboiU3w,"The Carol Burnett Show Official","Video Editing","photography|business|com|pro|final"
UCGB-czkAt6nLd3UrQ1eD0uw,"The Chris Cuomo Project","chris","chris|cuomo|project|up-close|affairs"
UCwWhs_6x42TyRM4Wstoq8HA,"The Daily Show","Photography","peabody|analyzing|sharp|satirical|10c"
UCGq-a57w-aPwyi3pW7XLiHw,"The Diary Of A CEO","realise","realise|double|don|viewers|thank"
UC9V_-gqJsZNOy4v_HqbRz3w,"The Gardening Channel With James Prigioni","Photography","gardening|garden|gardener|food|organic"
UCB81DRhPwVoUQcVNp3dBIXQ,"The Graystones","Music","music|jazz|records|bbc|instrumental"
UC7Q4rvzJDbHeBHYk5rnvZeA,"The Humanist Report","humanist","humanist|disseminates|sociopolitical|religious|supplemented"
UCJ0uqCI0Vqr2Rrt1HseGirg,"The Late Late Show with James Corden","Video Editing","photography|business|com|pro|final"
UCMtFAi84ehTSYSE9XoHefig,"The Late Show with Stephen Colbert","Video Editing","photography|business|com|pro|final"
UCpYCxV51bykhMY-wSUozQRg,"The Lincoln Project","trumpism","trumpism|lincoln|candidate|project|fight"
UCeAKdCMMS4I9waww0LDLqng,"The Nerdy Novelist","AI","novelist|author-related|load|shoulders|nerdy"
UCiWsyCYUN4QDgpL-2PGPckg,"The Parallel Truth","parallel","parallel|answering|mini|unfolding|geopolitics"
UCs9-XIXPfAF465u3OVdMILg,"The People's Majority","stories","stories|ladbible|honesty|elite|told"
UCiM2ZsguGDiGfsL2sUNatXQ,"The Pineapple Thief","Unclassified (sparse)",
UC1E1SVcVyU3ntWMSQEp38Yw,"The Prof G Pod – Scott Galloway","Business","co-host|prof|nyu|galloway|bold"
UCAPciy143ZBXBrFpCVPnWDg,"The Randall Carlson","3D Printing","sacred|geometry|mysteries|past|symbolism"
UCIzXayRP7-P0ANpq-nD-h5g,"The Sun","Business","showbiz|sun|exclusives|sport|celebrities"
UCJjAIBWeY022ZNj_Cp_6wAw,"The Tesla Space","tesla","tesla|model|space|rumors|roadster"
UCvEO0vHclzNfDYCyKQV5TsA,"The Wellermen","Music","wellermen|sea|sky|strength|northern"
UCIFk2uvCNcEmZ77g0ESKLcQ,"The Why Files","Business","twf|files|las|vegas|mysteries"
UC9OJk22Mh_-aj0ruME96T2w,"The Williams Fam","Business","winnetka|dancing|mgmt|odysseyentgroup|8335"
UC1yBKRuGpC1tSM73A0ZjYjQ,"The Young Turks","Photography","young|turks|hosts|member|super"
UC9Ryt3XOGYBoAJVsBHNGDzA,"Theoretically Media","tim","tim|theoretically|sponsor|theoreticallymedia|partner"
UCcPuBEAwuF6XWXkcXJXJwsg,"This Guy Edits","Video Editing","guy|film|please|visit|ace"
UC7kCeZ53sli_9XwuQeFxLqw,"Ticker Symbol: YOU","AI","engineering|starts|rocket|mit|electrical"
UCp9GmsywyVNLdpu8iB0d9Mg,"Tim Welch Vocal Studio","Music","vocal|note|coach|teaching|voices"
UC-8ywcgWTF2gMiPtrycZIcw,"Time Bomb","Aviation","water|timebomb|crisis|partisan|impacting"
UC88lvyJe7aHZmcvzvubDFRg,"Timeline - World History Documentaries","3D Printing","history|documentaries|network|week|american"
UCTjDhFuGXlhx9Us0gq0VK2w,"Times Radio","Unclassified (sparse)",
UCsN8M73DMWa8SPp5o_0IAQQ,"Tomorrowland","Video Editing","photography|business|com|pro|final"
UCJASBOyF4Fkd26SIwRhLuZw,"Tone and Tighten","Health","medical|injuries|physical|purposes|any"
UCRe2W-32N-_uStDULAEdyKA,"Topaz Labs","3D Printing","technology|enhancement|proprietary|developer|image"
UCo33niDKpTpgwZ_dohqvylg,"TubeBuddy","Video Editing","photography|business|com|pro|final"
UCEgYhf84VjXDz-W7a9-rdCQ,"Two Bit da Vinci","Coding","ricky|vinci|galaxy|bit|facts"
UC6OICk-ceplUJf4sCN3DMnQ,"Tyler Stalman","Video Editing","photography|business|com|pro|final"
UCx4pIz6Xb3xeC5tz9MYZfWg,"V V","Unclassified (sparse)",
UCdOPzgbosSnbfwd9-iXP2NA,"Vanessa Lau","Video Editing","photography|business|com|pro|final"
UCHnyfMqiRRG1u-2MsSQLbXA,"Veritasium","Music","science|interesting|education|nuclear|communications"
UC9N2JaiIWYR2GEN1tgHAczA,"Vic Firth","Music","vic|firth|drummers|percussionists|drumset"
UCWF0PiUvUi3Jma2oFgaiX2w,"VICE TV","vice","vice|visceral|docu-style|definitive|uncertain"
UCnBMUbokI94_PY59m8yDMRg,"VrTours Solutions","Video Editing","photography|business|com|pro|final"
UC6nSFpj9HTCZ5t-N3Rm3-HA,"Vsauce","Unclassified (sparse)",
UCuqdsYT5rFqw0L5oO_HwvgA,"WarLeaks - Military Blog","military","military|armed|technologies|forces|warleaks"
UCaWd5_7JhbQBe4dknZhsHJg,"WatchMojo.com","Aviation","pop|ranking|culture|lists|games"
UCMq1R1LgS04lIKdpLh_OS1w,"Wes McDowell","Business","website|customers|marketing|customer|web"
UCqcbQf6yw5KzRoDDcZ_wBSw,"Wes Roth","AI","machine|rule|learning|artificial|intelligence"
UCSrPuHtKbst7Zy8pyWn_3Cg,"What's Inside?","inside","inside|open|cut|random|grade"
UCEFZ7yABV_j9Ts3U18pZ1vw,"Will Chidlow","Video Editing","tech|film|making|morgan|nerd"
UC_gUM8rL-Lrg6O3adPW9K1g,"WION","AI","biased|hour|wion|examines|headquarters"
UCUZM6dU9lRVEfrZF3EFrzWQ,"Yello","Music","music|jazz|records|bbc|instrumental"
UClgRkhTL3_hImCAmdLfDE4g,"YouTube Movies","blockbusters","blockbusters|movies|releases|featuring|destination"
UC36i_MUpwgeDpXFE4YzAXpw,"Yuqing Guo","Video Editing","photography|business|com|pro|final"
UCpF9KnCcZM9KWovxn3TtZ9Q,"YYNOT","Music","vocals|bass|adi|argelazi|billy"
UCsy9I56PY3IngCf_VGjunMQ,"Zeihan on Geopolitics","Music","zeihan|geopolitical|looking|demographic|realities"
UCeeYm4DCcKiN6hmKBspX8Ig,"ZHIYUN-TECH","zhiyun","zhiyun|gimbals|imagination|lighting|innovative"
UCa09am-cOsC-FSgr_nLkFFA,"ZOE","Music","health|holistic|ekberg|wellness|nutrition"
