channelId,channelName,umbrellaLabel,score,margin,top3
UCaIalqLU0cYvTrc-3rKms1w,"3DVista","Unclassified",0,0,"AI:0.000|Video Editing:0.000|Photography:0.000"
UCBgc_s9bZcC7_VPC7Qyegfw,"4K Clips And Trailers","Unclassified",0.064,0.0188,"Video Editing:0.064|Gardening:0.045|Photography:0.039"
UCgGpNbEWsZhrtV_62dsUDpQ,"7idea Productions","Unclassified",0.0527,0.0123,"Gaming:0.053|AI:0.040|Video Editing:0.000"
UCovVc-qqwYp8oqwO3Sdzx7w,"74 Gear","Unclassified",0.1508,0.0957,"Aviation:0.151|Coding:0.055|AI:0.000"
UCd0Yn5SKGaujdXCwk2TwmoA,"360 Vroomers","Unclassified",0.0321,0.0015,"Business:0.032|Photography:0.031|Video Editing:0.000"
UCyxcZgX1wNU-nk1yB9CvzSw,"Aaron Parnas","Unclassified (sparse)",0,0,""
UC6AFPIXFIHYZItD0fmgDN9Q,"Above Ground Pool Builder","Unclassified",0,0,"AI:0.000|Video Editing:0.000|Photography:0.000"
UCBS1b2TF1uuhAomGYpFio7w,"Above Ground Pros","Unclassified",0.0508,0.0224,"Business:0.051|Aviation:0.028|Photography:0.024"
UCv7ayuEI595kZglwebEWWWw,"Adam Taylor // Architecture Photography Resources","Unclassified",0.1185,0.0554,"AI:0.119|Coding:0.063|Video Editing:0.000"
UCyHaY6HrTUWNWA3bN26esUA,"AdEspresso","Unclassified",0.1267,0.0801,"AI:0.127|Tech:0.047|Coding:0.045"
UC1KmNKYC1l0stjctkGswl6g,"After Skool","Unclassified",0.0801,0.0318,"Video Editing:0.080|Photography:0.048|AI:0.000"
UCNJ1Ymd5yFuUPtn21xtRbbw,"AI Explained","Unclassified",0.0782,0.0144,"Coding:0.078|Business:0.064|Film & TV:0.038"
UCwicfou4Ewu-koikmga-bEg,"AI In Context","Unclassified",0.0421,0.0421,"Construction:0.042|AI:0.000|Video Editing:0.000"
UC5l7RouTQ60oUjLjt1Nh-UQ,"AI Revolution","Unclassified",0.0591,0.0116,"Woodworking:0.059|AI:0.048|Video Editing:0.000"
UCED3hlYdD0SlCff7jJ8tF3Q,"AI Samson","Unclassified",0.06,0.0248,"Photography:0.060|Gardening:0.035|Gaming:0.031"
UCnM9I0mYTFSO3wkfof7oUvA,"Alex Ford","Unclassified",0.0905,0.0603,"Business:0.090|News:0.030|Gaming:0.030"
UCUyDOdBWhC1MCxEjC46d-zw,"Alex Hormozi","Unclassified",0.0645,0.0645,"Business:0.065|AI:0.000|Video Editing:0.000"
UC3N1BvkmnYWqa3SSthhzReA,"Allan Walls Photography","Unclassified",0.1117,0.0297,"Film & TV:0.112|Music:0.082|News:0.031"
UCv42RmpB6iwadGz6n818l6w,"Alter Bridge","Unclassified",0.0535,0.0535,"3D Printing:0.053|AI:0.000|Video Editing:0.000"
UCDBrVr0ttWpoRY-_yZajp2Q,"alyankovic","Unclassified (sparse)",0,0,""
UC34AYD6is66Xpv6HPRB0Miw,"AM/PM Podcast","Unclassified",0.0295,0.001,"Tech:0.030|Coding:0.029|AI:0.000"
UCORX3Cl7ByidjEgzSCgv9Yw,"Anastasi In Tech","Unclassified",0.0494,0,"Business:0.049|Gaming:0.049|Construction:0.045"
UCXUPKJO5MZQN11PqgIvyuvQ,"Andrej Karpathy","Unclassified (sparse)",0,0,""
UC2D2CMWXMOVWx7giW1n3LIg,"Andrew Huberman","Unclassified",0.0917,0.0604,"Health:0.092|Coding:0.031|Video Editing:0.030"
UCP0z2BisC_uuJGDk90gs2yA,"Arc De Soleil","Unclassified",0.0413,0.0413,"Coding:0.041|AI:0.000|Video Editing:0.000"
UC-smeLB9AnOTeypr1YyjJ3A,"ARTE Concert","Unclassified (sparse)",0,0,""
UC1LpsuAUaKoMzzJSEt5WImw,"Asianometry","Unclassified",0,0,"AI:0.000|Video Editing:0.000|Photography:0.000"
UC7o7gV3iTgpvXqdyThjevsg,"ASICentral","Unclassified",0.1721,0.124,"Business:0.172|Aviation:0.048|AI:0.000"
UCe0TLA0EsQbE-MjuHXevj2A,"ATHLEAN-X™","Unclassified",0.0323,0.0065,"Health:0.032|Photography:0.026|Construction:0.025"
UC1s_8hYVql2DuDmwuBt9yJA,"Aus Flight Simmer","Unclassified",0.0796,0.0215,"Aviation:0.080|Coding:0.058|AI:0.000"
UCgyvzxg11MtNDfgDQKqlPvQ,"AuthenTech - Ben Schmanke","Unclassified",0.0756,0.0201,"Health:0.076|Music:0.055|Film & TV:0.038"
UC0N-iKBpHZlhSFu6BqLsHWQ,"AV-Ultra","Unclassified",0.0515,0.0164,"Music:0.052|Health:0.035|Film & TV:0.035"
UCHIRBiAd-PtmNxAcLnGfwog,"B&H Photo Video Pro Audio","Unclassified",0.114,0.0452,"Video Editing:0.114|Woodworking:0.069|Construction:0.066"
UCXfC0B4gKbYEDYqValFg4Yw,"Barry KDP","Unclassified",0,0,"AI:0.000|Video Editing:0.000|Photography:0.000"
UCZtDUmC3W7j25XHZWFT_XgQ,"BBC Music","Unclassified",0.0453,0.0453,"Woodworking:0.045|AI:0.000|Photography:0.000"
UCIXKkzlHjD1rUPOLRfJZvrg,"Becki and Chris","Coding",0.2089,0.1682,"Coding:0.209|Home Repair:0.041|Video Editing:0.000"
UCAjSHLRJcDfhDSu7WRpOu-w,"Ben Claremont","Unclassified",0.1005,0.0135,"Construction:0.101|Video Editing:0.087|AI:0.000"
UCQbfC3DLce4TYulsmwf2lzQ,"Ben Halsall: Final Cut Pro & Adobe Tutorials","Video Editing",0.7188,0.6479,"Video Editing:0.719|Health:0.071|Music:0.052"
UCBJh1lBd44OGUd5JrHZQvCQ,"Best of The Voice","Unclassified",0.0535,0.0535,"Tech:0.053|AI:0.000|Video Editing:0.000"
UCeqky0tc84Ezl0CYMW3xKkA,"Best360","Unclassified",0,0,"AI:0.000|Video Editing:0.000|Photography:0.000"
UCOWF2oK605qOVfkCy3we32g,"BFBS Forces News","Unclassified",0,0,"AI:0.000|Video Editing:0.000|Photography:0.000"
UCLv09ZbvDVctHv8zIE1hoTw,"Black Tie Kitchen","Unclassified",0.0731,0,"Health:0.073|Finance:0.073|3D Printing:0.026"
UCgMQxnLWLE8YSLFnH9SHmHQ,"Blaze Grubbs","Unclassified",0.0481,0.0481,"Aviation:0.048|AI:0.000|Video Editing:0.000"
UCX_gtN8XsErdLPOUkEPaqiA,"Blowout Professor","Unclassified",0,0,"AI:0.000|Video Editing:0.000|Photography:0.000"
UCC4vs_6IdURyXrwYa74k-jw,"Blues Lounge","Unclassified",0.106,0.0652,"Music:0.106|Tech:0.041|Video Editing:0.019"
UCRvnaTGSZQe3xuiZZZVklZA,"Bob Moses","Unclassified",0.1615,0.1615,"Coding:0.162|AI:0.000|Video Editing:0.000"
UCxNZMlrLOGO88BnFwNYgEEA,"Bobby Bass","Unclassified",0.0249,0.0249,"Video Editing:0.025|AI:0.000|Photography:0.000"
UCY2p6zqx9LcPZci4KNqkEBg,"Brad West","Video Editing",0.8151,0.6898,"Video Editing:0.815|Comedy:0.125|Construction:0.081"
UC3stPIuUoCDHG7COfwr0tEA,"Brandon Li","Unclassified",0.051,0.0083,"Film & TV:0.051|Business:0.043|Gaming:0.043"
UC_0jev81m10XfTzggeae1Mg,"BretFX","Video Editing",0.6952,0.6117,"Video Editing:0.695|Tech:0.083|AI:0.000"
UCONzk0OgGQC5HiQ7aEPjYyA,"BRF Louisiana","Unclassified (sparse)",0,0,""
UCrjya2B7Cd1yZWV1liFtnOA,"Brian Murray","Unclassified (sparse)",0,0,""
UCQANb2YPwAtK-IQJrLaaUFw,"Brian Tyler Cohen","Unclassified",0.0666,0.0272,"Finance:0.067|Comedy:0.039|News:0.028"
UC4rlAVgAK0SGk-yTfe48Qpw,"BRIGHT SIDE","Unclassified",0.1,0.0736,"Business:0.100|Video Editing:0.026|AI:0.000"
UCxWulY15ahTxS0VieQp-HPg,"Brody Dolyniuk","Unclassified",0.1651,0.1651,"News:0.165|AI:0.000|Video Editing:0.000"
UCAG3VrzHOmnNjrDeOpcZfFQ,"Brooke C","Unclassified",0.1299,0.0896,"Music:0.130|Coding:0.040|AI:0.000"
UCoUM-UJ7rirJYP8CQ0EIaHA,"Bruno Mars","Unclassified",0.0677,0.0413,"Coding:0.068|Woodworking:0.026|Construction:0.025"
UCZRp6-Xvzo_dBFvt9L7y3Qw,"Build Great Products","Unclassified",0.0285,0.0285,"3D Printing:0.028|AI:0.000|Photography:0.000"
UC9xpl8LyFRsKXASGHBBj_xQ,"Building Integrity","Unclassified",0.0386,0.0044,"Home Repair:0.039|3D Printing:0.034|AI:0.031"
UCNWb1R70xnomfDf6Iu0uZ2Q,"Burkland Gardens","Unclassified",0.0343,0.0051,"Gardening:0.034|Photography:0.029|Coding:0.025"
UCFCDEaQC9NqzYDTxwTejlDg,"Butcher Wizard","Unclassified",0.0663,0.0331,"Business:0.066|Gaming:0.033|Video Editing:0.026"
UCARXOI1UlItgIevoI5jZViQ,"CaliKim29 Garden & Home DIY","Unclassified",0.1621,0.0676,"Gardening:0.162|Construction:0.095|Gaming:0.021"
UC6MvbqzzXu9E6SWM2Jf-g_Q,"Calum Graham Music","Unclassified",0.0466,0.0057,"News:0.047|Music:0.041|Tech:0.039"
UCl3lEILSFI3InXa5C__Phug,"Cambridge University Cosmology","Unclassified",0,0,"AI:0.000|Video Editing:0.000|Photography:0.000"
UCMJecdKUslHToOEpeuRGwXg,"Candyrat Records","Unclassified",0,0,"AI:0.000|Video Editing:0.000|Photography:0.000"
UCx8Thl4BbkOwslTGXzPJx0A,"Captain Steeeve","Unclassified",0.0477,0.0477,"Photography:0.048|AI:0.000|Tech:0.000"
UC_hOdGU7CK_jfckv2C6kmFA,"Chill Guitar Music","Unclassified",0.1369,0.0126,"Tech:0.137|Music:0.124|Construction:0.055"
UCwjvvgGX6oby5mZ3gbDe8Ug,"China Insights","News",0.2052,0.1584,"News:0.205|Construction:0.047|AI:0.039"
UCT2kPBcD6tXn8TP_aV7BmgA,"China Observer","Unclassified",0.1861,0.1861,"News:0.186|AI:0.000|Video Editing:0.000"
UCRte954rw0oeMWFroy_ClAw,"Chris Hau","Unclassified",0.0645,0.0645,"Construction:0.065|AI:0.000|Video Editing:0.000"
UCrPUg54jUy1T_wII9jgdRbg,"Chris Ramsay","Unclassified",0,0,"AI:0.000|Video Editing:0.000|Photography:0.000"
UC-dmJ79518WlKMbsu50eMTQ,"Clark Kegley","Unclassified",0.0398,0,"Film & TV:0.040|Finance:0.040|Gardening:0.037"
UC-eicAkiRdGLguiS1dS_N9Q,"Clay Hayes","Unclassified",0.0394,0.0025,"Finance:0.039|Gardening:0.037|Woodworking:0.031"
UCaL1DGiCW-HVgqeaLuHUfJA,"Cloud Based Real Estate Brokerage with Jesse Dau","Unclassified",0.0195,0.0009,"Business:0.020|Home Repair:0.019|AI:0.015"
UC83jt4dlz1Gjl58fzQrrKZg,"CNA","Unclassified",0.1,0.0744,"News:0.100|AI:0.026|Video Editing:0.000"
UCHF66aWLOxBW4l6VkSrS3cQ,"Coachella","Unclassified",0,0,"Video Editing:0.000|Photography:0.000|Tech:0.000"
UCKvKjZ3l9azWz4F49q2R3tQ,"Coffee Relaxing Jazz","Unclassified",0.1508,0.1508,"Construction:0.151|AI:0.000|Video Editing:0.000"
UCrk7jhruZVuLshUNh1qUi4g,"COGconnected","Unclassified",0.057,0.0093,"Film & TV:0.057|Gaming:0.048|Construction:0.044"
UC4QZ_LsYcvcq7qOsOhpAX4A,"ColdFusion","Unclassified",0.0453,0.0219,"Coding:0.045|Tech:0.023|Photography:0.000"
UCDUhp92NhqVc0K3jSmWhgvA,"Comedy Dynamics","Unclassified",0.2609,0.0925,"Comedy:0.261|Construction:0.168|AI:0.000"
UCXyqlW3MOTbhpQIMapXMOSQ,"Content Creators","Unclassified",0,0,"AI:0.000|Video Editing:0.000|Photography:0.000"
UCghY41qySm6IMH9VbRvf9VA,"CopyandContentAI","Unclassified",0.0989,0.0387,"Business:0.099|Construction:0.060|Coding:0.027"
UCpHdE9yhgSuM4FezX8dmbPw,"CPA Strength","Unclassified",0.027,0,"Photography:0.027|Home Repair:0.027|3D Printing:0.024"
UCzOlf72W0G4SJBHu9HxR7ng,"Crazy About Life","Unclassified",0.0477,0.0087,"Business:0.048|Coding:0.039|AI:0.000"
UC08Fah8EIryeOZRkjBRohcQ,"Creator Magic","Unclassified",0.0386,0.0041,"Construction:0.039|Coding:0.035|AI:0.000"
UCy6Q9UCG7Wa-N7nht2BFrHA,"CSI Starbase","Unclassified",0,0,"AI:0.000|Video Editing:0.000|Photography:0.000"
UCkUaT0T03TJvafYkfATM2Ag,"Daily Stoic","Unclassified",0.0277,0.0009,"Tech:0.028|Coding:0.027|AI:0.000"
UCNf9HkMqlTFiick46DGXY7g,"Damien Cooper","Unclassified",0,0,"AI:0.000|Video Editing:0.000|Photography:0.000"
UCA-mWX9CvCTVFWRMb9bKc9w,"Dan Martell","Unclassified",0.0867,0.0231,"Film & TV:0.087|Music:0.064|Coding:0.059"
UC1CAa_tjoI4-bEsEjxvHJXQ,"Dane McBeth Publishing","Unclassified",0,0,"AI:0.000|Video Editing:0.000|Photography:0.000"
UCw2THyt0iIxN6pdCdL8LA8Q,"DangerTV","Unclassified",0.0696,0.027,"Coding:0.070|Business:0.043|AI:0.000"
UCwjZLzqHYImv4oCJQcZ8Hig,"Daniel Schiffer","Unclassified (sparse)",0,0,""
UCRqGBcNkSE1-w9pbh_j7bSw,"Daniella Benita","Unclassified",0.0419,0.0088,"Gaming:0.042|Video Editing:0.033|AI:0.000"
UCpPnsOUPkWcukhWUVcTJvnA,"Dave Dugdale","Unclassified",0.0772,0.0156,"Film & TV:0.077|Photography:0.062|AI:0.050"
UCNzszbnvQeFzObW0ghk0Ckw,"Dave's Garage","Unclassified",0.0835,0.0364,"Tech:0.083|Home Repair:0.047|Video Editing:0.039"
UCKCS2T2uR_7h4zpVETbcFjg,"David Bayer","Unclassified (sparse)",0,0,""
UCvixJtaXuNdMPUGdOPcY8Ag,"David Pakman Show","Unclassified",0,0,"AI:0.000|Video Editing:0.000|Photography:0.000"
UCvKRFNawVcuz4b9ihUTApCg,"David Shapiro","Unclassified (sparse)",0,0,""
UCO01dS4TaSRSyOipXEYPL6Q,"David Sharpe","Unclassified",0.0331,0.0057,"Photography:0.033|Video Editing:0.027|AI:0.000"
UCtkcJMyK1F46NJ5WjX7hBSw,"Dead Wax","Unclassified",0.0501,0,"Film & TV:0.050|Finance:0.050|Video Editing:0.000"
UCobfgsTVhaIyIRAms-M4JWw,"Deep Woods Custom Guitars","Unclassified",0.1508,0.1508,"Home Repair:0.151|AI:0.000|Video Editing:0.000"
UCpr-NNORb2UQYDD3k-w-OFg,"Denys Davydov","Unclassified",0,0,"AI:0.000|Video Editing:0.000|Photography:0.000"
UCBB0oz7Yo_35gnbPYGKGJTA,"Diesel Creek","Unclassified",0,0,"AI:0.000|Video Editing:0.000|Photography:0.000"
UCNawoJ4W-TZHiD6UTPGIiAQ,"Digital Feast Studios","Unclassified",0.0632,0,"Business:0.063|Gaming:0.063|3D Printing:0.053"
UC8wXC0ZCfGt3HaVLy_fdTQw,"Digital Trends","Unclassified",0,0,"AI:0.000|Video Editing:0.000|Photography:0.000"
UCPSu8IosaYxsVx5TOGFtjCg,"Dirty Loops","Unclassified",0.0515,0.0515,"Music:0.052|AI:0.000|Video Editing:0.000"
UCEAY1udDi0HBnu7BbxDsJUg,"DIY PETE","Unclassified",0.0642,0.0642,"Construction:0.064|AI:0.000|Photography:0.000"
UCbzNcFN7cxA8HO18cTYyTfg,"Doctor Mix","Unclassified",0.2171,0.0903,"Music:0.217|Health:0.127|Photography:0.067"
UCHHW_lDfbAUr12BbFMqFMnQ,"DonV Filmora Tutorials","Unclassified",0.0475,0.0475,"Construction:0.047|AI:0.000|Video Editing:0.000"
UCyA6KQ8PgP98E0ToIdq8c7A,"Dr. Alex Tubio","Unclassified",0.0745,0,"Business:0.075|Gaming:0.075|AI:0.000"
UCXnFys9ZXBE0uyDhKHUi-dA,"Dr. Andrea Furlan","Unclassified",0.098,0.05,"Health:0.098|Music:0.048|Finance:0.033"
UCFAsatVhnrL8j7NXVWvK23A,"Dr. Leo","Unclassified",0.0587,0.0108,"News:0.059|Coding:0.048|AI:0.000"
UCIe2pR6PE0dae9BunJ38F7w,"Dr. Sten Ekberg","Health",0.3444,0.2903,"Health:0.344|Music:0.054|Tech:0.035"
UCSsAoV6KrfZZ71Kkwb_GWVA,"Dr. Susan Hardwick-Smith","Unclassified",0.0952,0.0686,"Health:0.095|Business:0.027|Gaming:0.027"
UCBHhdnYxvu94yefpeZABY9g,"Dream Theater","Unclassified",0.0591,0.0591,"Music:0.059|AI:0.000|Video Editing:0.000"
UC073quTeFarhKNe8ZuC6Qig,"Drew Builds Stuff","Unclassified",0.0559,0.0559,"Business:0.056|AI:0.000|Video Editing:0.000"
UC_PYpOA0xGq2-24E3RWyOyw,"Drone Canada","Unclassified",0.023,0.023,"Finance:0.023|AI:0.000|Video Editing:0.000"
UCgJ5K7wWoFlnYC3e8eIxYrA,"Drone U","Unclassified",0.0542,0.0147,"AI:0.054|Gardening:0.040|Video Editing:0.000"
UCL4cw2w7kMcTpsqGMtzs02w,"Dub Element","Unclassified",0,0,"AI:0.000|Video Editing:0.000|Photography:0.000"
UCknLrEdhRCp1aegoMqRaCZg,"DW News","Unclassified",0.0636,0.0357,"News:0.064|Music:0.028|AI:0.000"
UCYlZLHOzom9-MryCEodaoXg,"Dylan Bates • The Final Cut Bro","Video Editing",0.7481,0.6818,"Video Editing:0.748|3D Printing:0.066|Tech:0.033"
UC_HzoVeEzCUsHJtHCemb9sg,"Dylan John","Video Editing",0.803,0.7267,"Video Editing:0.803|Film & TV:0.076|Gaming:0.064"
UCKUSu0zaUcTg0L6Bsxr51og,"Editors Keys","Unclassified",0,0,"AI:0.000|Video Editing:0.000|Photography:0.000"
UCRKUD_3V4q7qyAexSuiBIFw,"El Conan","Unclassified",0.0801,0.0801,"Construction:0.080|AI:0.000|Video Editing:0.000"
UCskD50ri3723Tk1SkS-qAIA,"El Estepario Siberiano","Unclassified (sparse)",0,0,""
UCt9kG_EDX8zwGSC1-ycJJVA,"Elementor","Unclassified",0.0358,0.0061,"Home Repair:0.036|Video Editing:0.030|AI:0.000"
UCgslJ2VwZHVxw-D095WQ3lQ,"Elise Trouw","Unclassified",0.0693,0.0693,"Music:0.069|AI:0.000|Video Editing:0.000"
UCN7kH4qcPPPC_KWlX6Ze-Iw,"Elizabeth G","Unclassified (sparse)",0,0,""
UCvrmr8Nfd86dG7pnSHC7c6Q,"EllenPlaysBass","Unclassified",0,0,"Video Editing:0.000|Photography:0.000|Tech:0.000"
UCXAWX5r69jcqPTNAhXCSA7Q,"Elon Musk Fan Zone","Unclassified",0.0198,0,"Business:0.020|Gaming:0.020|3D Printing:0.017"
UCokX6YIQymfsKSJvqo9dGEQ,"Endless RVing","Unclassified",0.0311,0.0023,"Construction:0.031|Tech:0.029|AI:0.000"
UCVIo_UX--1R03WE_U3I6xEA,"Engineered Arts","Unclassified (sparse)",0,0,""
UCSbyncU597LMwb3HhnAI_4w,"Epic Gardening","Unclassified",0,0,"AI:0.000|Video Editing:0.000|Photography:0.000"
UCka3OGDqIQnPcuh1DtWcBdw,"Epic Tutorials for Mobile Filmmaking + EPIC LUTs","Video Editing",0.665,0.567,"Video Editing:0.665|Tech:0.098|Aviation:0.026"
UCAPeu_wnvIB5AkQ-xnkLOJA,"Eric Welander","Unclassified",0.0456,0,"Business:0.046|Gaming:0.046|Tech:0.039"
UCxByVUuLdxxiqQVmbOnDEzw,"Erik Grankvist","Unclassified",0.1039,0.015,"Film & TV:0.104|AI:0.089|Coding:0.047"
UCzr30osBdTmuFUS8IfXtXmg,"Essential Craftsman","Unclassified",0.0472,0,"Gardening:0.047|Aviation:0.047|Tech:0.036"
UCzz4CoEgSgWNs9ZAvRMhW2A,"Everything Electric CARS","Unclassified",0.1778,0.0927,"Film & TV:0.178|Woodworking:0.085|Coding:0.024"
UCDjvi-_c_ffte2LaNaE2j8g,"F-22 Demo Team","Unclassified",0.0707,0.0707,"Aviation:0.071|AI:0.000|Video Editing:0.000"
UCihmYOoCWYffpuMfuP7BAqA,"FD Real","Unclassified",0.05,0.0053,"Aviation:0.050|Business:0.045|AI:0.000"
UCKvJ_vxZZoN5yeWBU2CVGcQ,"Fit Father Project - Fitness For Busy Fathers","Unclassified",0.1949,0.1949,"Health:0.195|AI:0.000|Video Editing:0.000"
UC_Se32jLBjnOuftl1u3zfLw,"Fluctus","Unclassified",0.0625,0.0625,"Photography:0.063|AI:0.000|Video Editing:0.000"
UCHlHSn0iwyYJg9LQETZ5R_Q,"Four80East","Unclassified",0.0412,0.0016,"Construction:0.041|Music:0.040|AI:0.000"
UConJDkGk921yT9hISzFqpzw,"Freethink","Unclassified",0,0,"AI:0.000|Video Editing:0.000|Photography:0.000"
UCnvgtzmvlb6d58d9BbOKuMA,"Fstoppers","Unclassified",0.0344,0.007,"Health:0.034|Woodworking:0.027|Music:0.025"
UCw9zJ3qnebPPGsutiEAvu5Q,"Full Time Filmmaker","Unclassified",0,0,"AI:0.000|Video Editing:0.000|Photography:0.000"
UC_RovKmk0OCbuZjA8f08opw,"Futurepedia","Unclassified",0,0,"AI:0.000|Video Editing:0.000|Photography:0.000"
UC_kg1A_YPAa66hZWq7VPg7Q,"Garden Answer","Unclassified",0.1826,0.1826,"Gardening:0.183|AI:0.000|Video Editing:0.000"
UCigpI42Fq8aYp6IDIoDSqQQ,"Garden Style nw","Unclassified",0.1612,0.1612,"Gardening:0.161|AI:0.000|Video Editing:0.000"
UCWsI0LmiDyezbnN2JCL4P9w,"Gardener Scott","Unclassified",0.0372,0.0024,"Film & TV:0.037|Gardening:0.035|Gaming:0.031"
UCnPPpuLBjQZYC6M2BDxd0Ew,"Gardening Products Review","Unclassified",0.1166,0.0505,"Gardening:0.117|Tech:0.066|Video Editing:0.000"
UCptL6_qMImyW_yZwiMjQdpg,"Gary Pilarchik (The Rusted Garden)","Unclassified",0.1975,0.1494,"Gardening:0.198|Woodworking:0.048|AI:0.019"
UCctXZhXmG-kf3tlIXgVZUlw,"GaryVee","Unclassified",0.0582,0.0305,"Business:0.058|Home Repair:0.028|Coding:0.024"
UCR1LVH-teuA3-Kfy576TYSw,"georgemichael","Unclassified",0,0,"Video Editing:0.000|Photography:0.000|Tech:0.000"
UCrWmonkmTk5NbvmVnc7f70w,"Glenn Kirschner","Unclassified",0.0521,0.0252,"Video Editing:0.052|Coding:0.027|AI:0.025"
UCIJHwsTJyrH4YznoJxZmJHQ,"GR-Research","Unclassified",0.0693,0.0693,"Aviation:0.069|AI:0.000|Video Editing:0.000"
UC9r61qohBg1qgGty4_WzojA,"GrowVeg","Unclassified",0.1721,0.1107,"Gardening:0.172|Health:0.061|Home Repair:0.049"
UCfE5Cz44GlZVyoaYTHJbuZw,"Guga Foods","Unclassified",0.0343,0.0343,"AI:0.034|Video Editing:0.000|Photography:0.000"
UC7HOGKjSKzP5PBfmdaAkbQg,"Guildhall School of Music & Drama","Unclassified",0.0387,0.0188,"AI:0.039|Video Editing:0.020|Photography:0.000"
UC8YXmNHJ-JS0dd7z4Z9ChXA,"Harv Video/Audio Stuff","Unclassified",0.0517,0.0041,"Home Repair:0.052|Music:0.048|AI:0.000"
UCnbKOlm6H9njgmN-Yil90Rg,"Heather Cox Richardson","Unclassified",0.0436,0.0155,"Comedy:0.044|Construction:0.028|Tech:0.026"
UCpBvckYg2UXArcfzRcjpPjw,"Helium 10","Unclassified",0.1356,0.0951,"News:0.136|Film & TV:0.041|Business:0.034"
UC9HFMty5k4jdj36wV4E4Iuw,"Hidden Technology","Unclassified",0.0313,0.0057,"Business:0.031|Coding:0.026|AI:0.000"
UC9MAhZQQd9egwWCxrwSIsJQ,"HISTORY","Unclassified",0.0506,0.0261,"Coding:0.051|Video Editing:0.025|Photography:0.000"
UCZEWB-9BQ2DW-gwBlJJaWNg,"Hollywood:FCP","Video Editing",0.73,0.6668,"Video Editing:0.730|Film & TV:0.063|News:0.053"
UCnorhjQR4zJkT7AVNhu395Q,"Home RenoVision DIY","Unclassified",0.0563,0.0118,"Gaming:0.056|Video Editing:0.045|Film & TV:0.034"
UCpJ1vJPFqImom-NN2fkBS0A,"HouseImprovements","Unclassified",0.114,0.0589,"Tech:0.114|Coding:0.055|AI:0.000"
UCeEqIv7lVwOOLnwxuuhQFuQ,"Hugh Hou","Unclassified",0.0636,0.003,"Gaming:0.064|Photography:0.061|Video Editing:0.050"
UCqyRc7Thu1T7qLIPvy0r7JA,"I Love RV Life","Unclassified",0.0316,0.0013,"Photography:0.032|Construction:0.030|AI:0.000"
UC-ptWR16ITQyYOglXyQmpzw,"IAmTimCorey","Unclassified",0.0734,0.0068,"Tech:0.073|AI:0.067|Finance:0.052"
UCZZwD8OcPUOo1WOVad_tKWA,"Idustrial Revolution","Video Editing",0.8203,0.8203,"Video Editing:0.820|AI:0.000|Photography:0.000"
UCgBg0aacyJnw4qUnb1FlfEQ,"Institute of Human Anatomy","Unclassified",0.0315,0.0315,"Health:0.031|AI:0.000|Video Editing:0.000"
UCFQgi22Ht00CpaOQLtvZx2A,"ITV News","Unclassified",0.055,0.055,"News:0.055|AI:0.000|Video Editing:0.000"
UCHsThxa9HvDpSywv4bP55NA,"J. Gravelle","Unclassified (sparse)",0,0,""
UCHzfWTvyt4VY7QTKKwY84Tw,"Jack Cole","Unclassified",0,0,"AI:0.000|Video Editing:0.000|Photography:0.000"
UCbd-QOxzNKQifQfSuaH5I0A,"JackConteExtras","Unclassified",0.0722,0.023,"Music:0.072|Finance:0.049|AI:0.000"
UC0aNNLyM8FveAGEeaOND10A,"Jahin Shahriar","Unclassified",0.027,0.0017,"Tech:0.027|Video Editing:0.025|AI:0.000"
UC-U0quP8-RF1pvyCessLg0g,"Jake Sloan","Unclassified",0.0645,0.0311,"Coding:0.065|Tech:0.033|AI:0.000"
UCMb0O2CdPBNi-QqPk5T3gsQ,"James Hoffmann","Unclassified",0.0589,0.0044,"Construction:0.059|3D Printing:0.055|Film & TV:0.039"
UCZG-C5esGZyVfxO2qXa1Zmw,"Jared Polin","Unclassified",0.0348,0,"Photography:0.035|Woodworking:0.035|Tech:0.031"
UCMlK5j8VTQHD21a79_cnZxA,"Jasmine Hardie","Unclassified",0.1451,0.1451,"Business:0.145|AI:0.000|Video Editing:0.000"
UCSm7riYU-NTWWFlG9XJBcRA,"Jason Lee","Unclassified",0.1069,0.043,"Business:0.107|Finance:0.064|AI:0.000"
UC7Y1wd4-c4H2Cl0lAuNvJ-Q,"jaybyrdfilms","Unclassified",0.0799,0.0162,"Gaming:0.080|Film & TV:0.064|Business:0.027"
UCR-DXc1voovS8nhAvccRZhg,"Jeff Geerling","Unclassified",0,0,"AI:0.000|Video Editing:0.000|Photography:0.000"
UCXoJOZU-pR7AfD5yfae-zNg,"Jenn Jager Pro Tutorials","Video Editing",0.8742,0.8312,"Video Editing:0.874|Business:0.043|Tech:0.036"
UCUSySH2YjIwsDu2Hx6DWwTA,"Jesse Dollemore","Unclassified",0.1043,0.1043,"News:0.104|AI:0.000|Video Editing:0.000"
UCFIRm1Fv1VC4DZxmYyvNOTQ,"Jeven Dovey","Unclassified",0.054,0.054,"Film & TV:0.054|AI:0.000|Video Editing:0.000"
UCf9BO33b-MnIxB5y0azrxmg,"Jimmy Carr","Unclassified",0.1651,0.0941,"Comedy:0.165|Construction:0.071|Tech:0.033"
UCa6vGFO9ty8v5KZJXQxdhaw,"Jimmy Kimmel Live","Unclassified",0,0,"AI:0.000|Video Editing:0.000|Photography:0.000"
UC-2YHgc363EdcusLIBbgxzg,"Joe Scott","Unclassified",0.0327,0.0014,"Photography:0.033|Construction:0.031|Coding:0.028"
UC5PA3oLhFbaba-LlbR_xVNg,"joegardenerTV","Unclassified",0.0741,0.0461,"Video Editing:0.074|Film & TV:0.028|Gardening:0.026"
UC_Oz4jIU_rSmXaBH69kmddw,"Johnny Davidson - Drumming & Hang Gliding","Unclassified",0.0302,0.0024,"Photography:0.030|Music:0.028|AI:0.000"
UCmGSJVG3mCRXVOP4yZrU1Dw,"Johnny Harris","Unclassified",0,0,"AI:0.000|Video Editing:0.000|Photography:0.000"
UCXoMM35ugF5iOzAEb-PmfRA,"Jonathan Petramala","Unclassified",0,0,"AI:0.000|Video Editing:0.000|Photography:0.000"
UC40gs0opj389ohjLnJIAJzA,"Jonathan Young","Unclassified (sparse)",0,0,""
UCqq3PZwp8Ob8_jN0esCunIw,"Just For Laughs","Comedy",0.4418,0.2862,"Comedy:0.442|Construction:0.156|Gardening:0.032"
UC8Sh9yuLqlpnQdBdcfwFErA,"Just One Dime","Unclassified",0.0341,0.0341,"Finance:0.034|Video Editing:0.000|Tech:0.000"
UCkUDijzPGiHVBSeOktgpMiQ,"K9’s and Chaos","Unclassified",0,0,"AI:0.000|Video Editing:0.000|Tech:0.000"
UCrBId04l9CaruJsQ5Q8y9lA,"Kanade Sato","Unclassified",0.1057,0.0397,"Music:0.106|Construction:0.066|Home Repair:0.023"
UCcFfP0Px7cO3h6BCZUpXUQQ,"Keith Wheeler Books","Unclassified",0.088,0.0639,"Construction:0.088|Business:0.024|Coding:0.020"
UCIma2WOQs1Mz2AuOt6wRSUw,"KenDBerryMD","Unclassified",0.1429,0.1199,"Health:0.143|AI:0.023|Video Editing:0.000"
UC_fXTGbg6ck3BU6X65e3sag,"Kendrick's Gear Journal","Unclassified",0.0646,0.0172,"Health:0.065|Music:0.047|Comedy:0.038"
UCnAGH-jp4YXl30rir1BPrxA,"Keto Recipes","Unclassified",0.1304,0.112,"Health:0.130|Tech:0.018|Video Editing:0.000"
UC-s3Pb8uIBm0QN8MVaulJKA,"Kindlepreneur","Unclassified",0.043,0.043,"Construction:0.043|AI:0.000|Video Editing:0.000"
UCQaqi80QVyIhFQ6HZTXCeOg,"King County Sheriff Air Support","Unclassified",0,0,"AI:0.000|Video Editing:0.000|Photography:0.000"
UCLRlryMfL8ffxzrtqv0_k_w,"KinoCheck.com","Film & TV",0.3076,0.2818,"Film & TV:0.308|News:0.026|Photography:0.025"
UCyKUfgfeRaCrqMr9b0UcSoQ,"Kraken The Box","Unclassified",0.1316,0.0765,"Finance:0.132|Business:0.055|Tech:0.047"
UCW7bg34be3iNMXjPNctjYKA,"KSENIA BUZINA","Unclassified (sparse)",0,0,""
UCFbtcTaMFnOAP0pFO1L8hVw,"Kyle Hill","Unclassified",0.0492,0.008,"Film & TV:0.049|News:0.041|Gaming:0.041"
UC4oVjJptcsvtgIMrdIUQYlQ,"LADbible Stories","Unclassified",0,0,"AI:0.000|Video Editing:0.000|Photography:0.000"
UCXZDUSJ0XU4KxhI00R_yCXQ,"Lari Basilio","Unclassified",0.0741,0.0027,"Music:0.074|Tech:0.071|AI:0.000"
UCSvCR76uY0R8mjVETskWRvg,"Larry Jordan","Video Editing",1.6952,1.6691,"Video Editing:1.695|Tech:0.026|AI:0.000"
UCz8K1occVvDTYDfFo7N5EZw,"Law&Crime Network","Unclassified",0.0264,0.0264,"News:0.026|Video Editing:0.000|Photography:0.000"
UCzUyasGg5A03r3zPkorqIBQ,"Learn Color Grading","Video Editing",0.7652,0.7652,"Video Editing:0.765|AI:0.000|Tech:0.000"
UCyy1JVscJxxJfJx2IrQm2Ug,"Learn From Most Influential Investors","Unclassified",0,0,"AI:0.000|Video Editing:0.000|Photography:0.000"
UCWWq67D7TofEPq_eBiaYCWw,"Learn Online Video","Unclassified",0.0643,0.0643,"Photography:0.064|AI:0.000|Video Editing:0.000"
UCUnFheTbVpASikm0YPb8pSw,"Learn Organic Gardening at GrowingYourGreens","Unclassified",0.0398,0.0097,"Gardening:0.040|Tech:0.030|AI:0.000"
UCJgZJZZbnLFPr5GJdCuIwpA,"Legal AF","Unclassified",0.0395,0.0049,"News:0.040|Music:0.035|Video Editing:0.000"
UCpa-Zb0ZcQjTCPP1Dx_1M8Q,"LegalEagle","Unclassified",0.051,0.0044,"Gaming:0.051|Construction:0.047|Film & TV:0.030"
UCReiNw77Lw8Es5VMNekirrw,"Leggari Products","Unclassified",0.0428,0.023,"Construction:0.043|Tech:0.020|Coding:0.019"
UCD5ZsXiIFlrWrbOCM6rEDKQ,"Leonid & Friends","Unclassified (sparse)",0,0,""
UCq6TJZjUFp877PkgeJkETew,"Lester Picker","Unclassified",0.0517,0.0236,"Music:0.052|Photography:0.028|Coding:0.024"
UCJXz-QU2_KU7pSuWr12XTHA,"Levi Allen","Unclassified",0.0937,0.0937,"Construction:0.094|AI:0.000|Video Editing:0.000"
UCSHZKyawb77ixDdsGog4iWA,"Lex Fridman","Unclassified (sparse)",0,0,""
UC74ssco0gFbhNpXHJyYcYEQ,"Lexington Lab Band ®️","Unclassified",0.0951,0.0951,"Music:0.095|AI:0.000|Photography:0.000"
UCui4jxDaMb53Gdh-AZUTPAg,"Liam Ottley","Unclassified",0.0725,0.0725,"Business:0.073|AI:0.000|Video Editing:0.000"
UCX1RcjoZnq4UHSrj0Vc03Bg,"LIFT-OFF","Unclassified",0.0535,0,"Business:0.053|Gaming:0.053|Video Editing:0.000"
UCKHO2e2sy2wqu1Ch8j7zfrA,"Lisa  Life and Style","Unclassified",0.0715,0.0338,"Business:0.072|Video Editing:0.038|Photography:0.023"
UCItFLm69UtzH5FYCnHJfAHg,"LITTLE BIG BEAT STUDIOS","Unclassified",0.1083,0.0591,"Music:0.108|Film & TV:0.049|Business:0.041"
UCZ2wHrgU2nr0CoO0KNSDV5g,"Live Nation","Unclassified",0,0,"AI:0.000|Video Editing:0.000|Photography:0.000"
UC1nJElGcVcTpeZJVyxEbzJw,"Live Storms Media","Unclassified",0.0426,0.0426,"Business:0.043|AI:0.000|Video Editing:0.000"
UC-6LDZDGRvS8XH9O8An4kEg,"Live Your Message with Marisa Murgatroyd","Unclassified",0.0461,0.0085,"Business:0.046|Coding:0.038|AI:0.000"
UCOwiQHSjCZdLfurAAnh7v7w,"LLTArchived2","Unclassified (sparse)",0,0,""
UCBeWUqDIm65lB9w9MuDAWrA,"Locometric","Unclassified (sparse)",0,0,""
UC-RA5BzE_BnZhf5iVdNF1hA,"loopop","Unclassified",0,0,"AI:0.000|Video Editing:0.000|Photography:0.000"
UCG2Any5yo0Lgiwf3o_GiF-A,"Los Lonely Boys","Unclassified",0,0,"AI:0.000|Video Editing:0.000|Photography:0.000"
UC3TqK2sSktlk7CmXGpw7_Cg,"Low End University","Unclassified",0.058,0.0394,"Music:0.058|Tech:0.019|Video Editing:0.017"
UC6biysICWOJ-C3P4Tyeggzg,"Low Level","Unclassified",0.1581,0.1581,"Gaming:0.158|AI:0.000|Video Editing:0.000"
UCM05jgFNwoeXvWfO9GuExzA,"Luke Beasley","Unclassified",0.0482,0.0042,"Business:0.048|Construction:0.044|AI:0.000"
UCZrvodIV5I4meIJl8P2NF6A,"Luke Million","Unclassified (sparse)",0,0,""
UCMLtBahI5DMrt0NPvDSoIRQ,"Machine Learning Street Talk","Unclassified",0.1894,0.1585,"AI:0.189|Business:0.031|Gaming:0.031"
UClI2TvzZX2IkZ_usZV8QOvA,"Mack Avenue","Unclassified",0.0177,0.0177,"Construction:0.018|AI:0.000|Video Editing:0.000"
UCqmjz2x7NffJRMg4mmeDTvg,"magicplan","Unclassified",0.0251,0.0009,"Music:0.025|Tech:0.024|AI:0.000"
UCcNrmSXswsMJzuaSQknziTw,"Make Money Matt","Unclassified",0.15,0.15,"Business:0.150|AI:0.000|Video Editing:0.000"
UCmRE4gvdeDkwf1oJrsabWWQ,"MAKE. ART. NOW.","Unclassified",0.0953,0.0953,"Photography:0.095|AI:0.000|Video Editing:0.000"
UCZiGGE0e0DctISlShAILbjQ,"Marcin","Unclassified",0.0464,0.0464,"Coding:0.046|AI:0.000|Video Editing:0.000"
UCknsp0YMH7BwVes8_bwWpnw,"Mark Harrison","Unclassified",0,0,"AI:0.000|Video Editing:0.000|Photography:0.000"
UCY1kMZp36IQSyNx_9h4mpCg,"Mark Rober","Unclassified",0.0609,0.0094,"Business:0.061|Tech:0.051|Film & TV:0.036"
UCsPpLcxHv5XJw4Rx5GALUjg,"MarketingBlocks AI","Unclassified",0.0328,0.006,"Business:0.033|Coding:0.027|Video Editing:0.000"
UCKqf_mRynhJ_o0oGOH4VNvg,"Marla Heller, MS, RD, Mediterranean & DASH expert","Unclassified",0.0279,0.0074,"Health:0.028|Music:0.020|Tech:0.020"
UCKrWgJg6GU9OwC-5fSqfB1g,"Martin Miller","Unclassified",0.1144,0.0482,"Music:0.114|Tech:0.066|News:0.026"
UCjvBO4kjuBSYe6Bi3RYQAQA,"Mary Kate ""M.K."" Williams","Unclassified",0.0503,0.0222,"Business:0.050|Gardening:0.028|Gaming:0.025"
UCSzRlpPbZTA6b8weTKnSHlA,"Mary Trump Media","Unclassified",0.0646,0.0376,"Finance:0.065|News:0.027|Photography:0.026"
UCP5A5lVxaT7cO_LehpxjTZg,"Matt Diggity","Unclassified",0.0431,0.007,"Finance:0.043|Gaming:0.036|Photography:0.034"
UChYHKRass0kZvBkVKQuZElQ,"Matt Gray","Unclassified",0,0,"AI:0.000|Photography:0.000|Tech:0.000"
UCh1vNDTd-d60UEJRf6BAUZA,"Matt Johnson’s Keyspace","Unclassified",0.051,0.0136,"Film & TV:0.051|Music:0.037|Coding:0.035"
UCLAEBQMxxwE6gNy13q_rdcg,"Matt Lorion","Unclassified",0.0477,0.0111,"Business:0.048|AI:0.037|Video Editing:0.000"
UChpleBmo18P08aKCIgti38g,"Matt Wolfe","Unclassified",0.093,0.0273,"Tech:0.093|Finance:0.066|News:0.055"
UCwdVOry0oNF9WIe_3uCfz9Q,"Matt's Off Road Recovery","Unclassified",0.0286,0.001,"Music:0.029|Tech:0.028|AI:0.000"
UCFTEN8q_sQNHVENU4KcCMAA,"Matthew Anderson","Unclassified (sparse)",0,0,""
UCawZsQWqfGSbCI5yjkdVkTA,"Matthew Berman","AI",0.2292,0.2292,"AI:0.229|Photography:0.000|Tech:0.000"
UC45W_AtKcDxSmWR1s1xsLEg,"Matthew O'Brien","Video Editing",0.64,0.5677,"Video Editing:0.640|Coding:0.072|Film & TV:0.053"
UC_pT_Iz6XjuM-eMTlXghdfw,"Max the Meat Guy","Unclassified",0.058,0.0025,"Photography:0.058|Construction:0.056|Coding:0.050"
UCeRxxz9ByOqdd8A-0iF_Idg,"Mayday: Air Disaster","Unclassified",0.0294,0.0014,"Gaming:0.029|Photography:0.028|AI:0.000"
UC4InHaWu_I_vSuBPlVj_L3Q,"mbmars01","Unclassified",0,0,"AI:0.000|Video Editing:0.000|Photography:0.000"
UCG-iSMVtWbbwDDXgXXypARQ,"MedCram - Medical Lectures Explained CLEARLY","Unclassified",0.0437,0,"Business:0.044|Gaming:0.044|News:0.022"
UC9r9HYFxEQOBXSopFS61ZWg,"MeidasTouch","Unclassified",0.0917,0.015,"Finance:0.092|News:0.077|Video Editing:0.000"
UCwpHKudUkP5tNgmMdexB3ow,"Mentour Pilot","Unclassified",0.1291,0.0601,"Aviation:0.129|Film & TV:0.069|Finance:0.069"
UCru5yi7yq_Y8Q4Ye4eB0r2Q,"MHFIN","Unclassified",0,0,"AI:0.000|Video Editing:0.000|Photography:0.000"
UC1vts8sER8VOrgh9L8RyBOQ,"Michael Ramsey:                       On The Riser","Unclassified",0.0603,0.0048,"Photography:0.060|Music:0.055|Video Editing:0.000"
UCqBERDzM6ZcovT1s01kIrVg,"Michigan Foot Doctors","Unclassified",0.0524,0.014,"Health:0.052|Music:0.038|AI:0.000"
UCFtEEv80fQVKkD4h1PF-Xqw,"Microsoft","Unclassified",0.1515,0.032,"Tech:0.152|Business:0.120|AI:0.000"
UCJ9905MRHxwLZ2jeNQGIWxA,"Microsoft Mechanics","Tech",0.2117,0.1804,"Tech:0.212|News:0.031|Business:0.031"
UCVGVbOl6F5rGF4wSYS6Y5yQ,"MIgardener","Unclassified",0.0432,0.0064,"Gardening:0.043|Photography:0.037|Woodworking:0.037"
UCYEiWHoP2IHHgjOapTAYMQw,"Mike Russell","Unclassified",0.0976,0.0159,"Film & TV:0.098|Gaming:0.082|Music:0.072"
UCh35n5aqG8fF2tXXEtDd0EQ,"Military News","Unclassified (sparse)",0,0,""
UC_P_VjGqCyjQyCwBUPu4lHg,"Milo Andreo","Unclassified",0.1006,0.0382,"Comedy:0.101|Music:0.062|Coding:0.039"
UCYenDLnIHsoqQ6smwKXQ7Hg,"#Mind Warehouse","Unclassified (sparse)",0,0,""
UCUHW94eEFW7hkUMVaZz4eDg,"minutephysics","Unclassified",0,0,"AI:0.000|Video Editing:0.000|Photography:0.000"
UC8sibhG707qg5AlVlj5P3mw,"Momentum Productions","Unclassified",0,0,"AI:0.000|Video Editing:0.000|Photography:0.000"
UCmIxjdhwpUI5lDoslfDqcPQ,"Money on The Side","Business",0.2252,0.1803,"Business:0.225|Film & TV:0.045|AI:0.000"
UCSL3dIAj0iMBz1V4Rz-AUFA,"MOTIV8","Unclassified",0,0,"AI:0.000|Video Editing:0.000|Photography:0.000"
UCs26XZBwrSZLiTEH8wcoVXw,"Moz","Unclassified",0.1732,0.0846,"Business:0.173|AI:0.089|Health:0.069"
UCaVp-iXRPfiSxbkhmi56IHQ,"MrMBB333","Unclassified",0.0439,0.0439,"AI:0.044|Video Editing:0.000|Photography:0.000"
UCaXkIU1QidjPwiAYu6GcHjg,"MSNBC","Unclassified",0,0,"AI:0.000|Video Editing:0.000|Photography:0.000"
UC-9-kyTW8ZkZNDHQJ6FgpwQ,"Music","Unclassified",0,0,"AI:0.000|Video Editing:0.000|Tech:0.000"
UCV-gQcOtKcxOPaPk1MVe4jQ,"Music Shed","Unclassified (sparse)",0,0,""
UC5ve4DxNMLRXOetCYWFUkYw,"Música Progressiva","Unclassified",0.057,0.057,"Photography:0.057|AI:0.000|Video Editing:0.000"
UC8JT2m0mKEgvEtie3JNKwew,"Naked Science","Unclassified",0.0535,0.0535,"Finance:0.053|AI:0.000|Video Editing:0.000"
UC-_eueKsPcJUPnCguEufWPA,"Nate's Tech","Unclassified (sparse)",0,0,""
UC_7KM3ANRHy2zhQ_zl-C4XQ,"Nathan Cool Photo","Unclassified",0.1421,0.0711,"Woodworking:0.142|Photography:0.071|AI:0.000"
UC0Z-E_L3z_JLVNuFoS8fefA,"National Park Diaries","Unclassified",0.1218,0.1056,"Music:0.122|Coding:0.016|AI:0.000"
UCejgtTHroWI5sF_2-fuiF4Q,"Nature's Always Right","Unclassified",0.1,0.0574,"Gardening:0.100|Photography:0.043|Tech:0.038"
UCqZQlzSHbVJrwrn5XvzrzcA,"NBC Sports","Unclassified",0.0338,0.0157,"Coding:0.034|Music:0.018|AI:0.000"
UCl-Zrl0QhF66lu1aGXaTbfw,"Neil Patel","Unclassified",0.0913,0.0913,"Business:0.091|AI:0.000|Video Editing:0.000"
UCtYKe7-XbaDjpUwcU5x0bLg,"neo","Unclassified",0.0725,0.0725,"News:0.073|AI:0.000|Video Editing:0.000"
UCCjG8NtOig0USdrT5D1FpxQ,"NewsNation","Unclassified",0.0674,0.0674,"Business:0.067|AI:0.000|Video Editing:0.000"
UCcJceGUaevGlP7s2xzL9akA,"Next Level Gardening","Unclassified",0.0739,0.0504,"Gaming:0.074|Home Repair:0.023|Tech:0.021"
UCunQ-SNSI9uOZwrb62po_tQ,"Next Level Riding Clinics","Unclassified",0.1482,0.1482,"Gaming:0.148|AI:0.000|Video Editing:0.000"
UCRmm7T6mAm-QBNvnEaIl3AA,"Nick Johnston","Unclassified",0,0,"AI:0.000|Video Editing:0.000|Photography:0.000"
UCxv1rK6prSp2aoNqNyxD_Vg,"Nick Page","Unclassified",0,0,"AI:0.000|Video Editing:0.000|Photography:0.000"
UCX9mv-ifhUnNrRi8qdscFeQ,"Nick Powell Photography","Unclassified",0.0698,0.0248,"Comedy:0.070|Construction:0.045|AI:0.000"
UCbo-KbSjJDG6JWQ_MTZ_rNA,"Nick Saraev","Unclassified",0.0877,0.0598,"Business:0.088|Photography:0.028|Woodworking:0.028"
UCxMoaKZtWKFuHGr7LIInOOQ,"Nick Stephenson","Unclassified",0.0877,0.0585,"Business:0.088|Gaming:0.029|Construction:0.027"
UCkJld-AoXurbT2jDnfM8qiA,"Nigel Danson","Unclassified",0.11,0.0698,"Construction:0.110|News:0.040|Photography:0.038"
UCPhq7iR65k0gWcraXgLiY1A,"Nigel John Stanford","Unclassified",0,0,"AI:0.000|Video Editing:0.000|Photography:0.000"
UCM2FoYtC-2PQzMr_gDfQnHg,"No Film School","Film & TV",0.275,0.275,"Film & TV:0.275|AI:0.000|Video Editing:0.000"
UCFPzKZg-By8_DtBJiEDLcJw,"NOAPOLOGY","Unclassified",0.0981,0.0448,"Music:0.098|Home Repair:0.053|Coding:0.046"
UCUowDOg5xfSWV0hUYeUUbfw,"Notepirate","Unclassified",0.0336,0.002,"Coding:0.034|AI:0.032|Video Editing:0.000"
UCjHz5SVHeMT0AViCYZvsGDA,"NOVA PBS Official","Unclassified",0.0256,0.0032,"News:0.026|Music:0.022|AI:0.000"
UC2mLN9pZNE8_ccLHmA1SHvA,"NovationHelp","Unclassified (sparse)",0,0,""
UC4eYXhJI4-7wSWc8UNRwD4A,"NPR Music","Unclassified",0,0,"AI:0.000|Video Editing:0.000|Photography:0.000"
UCHvSoleJlpzZYEHpcn32Xng,"NWVideoTours","Unclassified (sparse)",0,0,""
UCAhcelYvyDAPy0cn_sscWkw,"Off Grid In The Pacific North West","Unclassified",0.1257,0.0445,"Comedy:0.126|Construction:0.081|News:0.030"
UC5kQUZFCbuZQorVnzS6P_xA,"Olivier Girard - the Posture Guy","Unclassified",0.0292,0.0054,"Aviation:0.029|Construction:0.024|AI:0.000"
UCdYVQ4i7eZD_GJkL4yxkKCw,"Olufemii","Unclassified",0.0431,0.0431,"Photography:0.043|AI:0.000|Video Editing:0.000"
UC8JracmfBuygk-myx7lVZnw,"On the House - Real Estate Marketing","Unclassified",0.1519,0.1036,"Business:0.152|Woodworking:0.048|Film & TV:0.030"
UC0XRm3cLtvjjceli-Oa1X2Q,"ONSCENE TV","Unclassified",0.1225,0.1225,"News:0.122|AI:0.000|Video Editing:0.000"
UCwpRQ_NrBJvGlwCG__qy9Og,"Ordinary Filmmaker","Unclassified",0.1616,0.1096,"Photography:0.162|AI:0.052|News:0.034"
UC2itzMBo0R0kHZ8cF7nrcaA,"Oregon Public Broadcasting","Unclassified",0.033,0,"Business:0.033|Gaming:0.033|Construction:0.030"
UCeE3lj6pLX_gCd0Yvns517Q,"Ozzy Man Reviews","Unclassified",0.0668,0.0668,"Film & TV:0.067|AI:0.000|Video Editing:0.000"
UCSxR0IZEq1WhTJqAnQGyk4g,"Pacific Northwest Weather Watch","Unclassified",0.069,0.069,"Film & TV:0.069|AI:0.000|Video Editing:0.000"
UCTQnU1zyhvwscc2P5QS-tLw,"Pakman Live","Unclassified",0,0,"AI:0.000|Video Editing:0.000|Photography:0.000"
UCs030M7gu_Pi2ag9a12oa8w,"Pan Rocks!","Unclassified",0,0,"AI:0.000|Video Editing:0.000|Photography:0.000"
UCrRttZIypNTA1Mrfwo745Sg,"Paramount Plus","Unclassified",0.0389,0.0127,"Comedy:0.039|Photography:0.026|Construction:0.025"
UCQhuXR2O6MpsCHfByBiF10Q,"Pavement Repair Products Co.","Unclassified",0.0546,0.0188,"Construction:0.055|Film & TV:0.036|AI:0.000"
UCpxYSWgxVt3Pyn1ovXsGQ0g,"PBS Terra","Unclassified",0.072,0.0436,"Tech:0.072|Business:0.028|AI:0.000"
UCkRhsBbu0tvQrXBtvpl0kIg,"Peaches Skin Care","Unclassified",0.0293,0.0022,"Construction:0.029|Tech:0.027|AI:0.000"
UCI6GYwCv9ZFkoiUgobwcLzQ,"Performance AI","Finance",0.2268,0.1635,"Finance:0.227|Business:0.063|AI:0.000"
UC4hELpI0Zw3t7ASEGkgkmZA,"Peter Barber","Unclassified",0.0716,0.0716,"Music:0.072|AI:0.000|Video Editing:0.000"
UCaPZyvqGjmxdTUYhyf1zEkQ,"Peter Leyden","Unclassified",0.0415,0.0214,"Coding:0.041|Video Editing:0.020|Tech:0.000"
UCtM-xct7QQx0dL-swaMzYbg,"Peter Lindgren","Video Editing",0.6644,0.5765,"Video Editing:0.664|3D Printing:0.088|Photography:0.050"
UCXElBPBCkhdDWMmCPMFq_6A,"Peter Makholm","Unclassified",0,0,"AI:0.000|Video Editing:0.000|Photography:0.000"
UC3DkFux8Iv-aYnTRWzwaiBA,"Peter McKinnon","Unclassified",0,0,"AI:0.000|Video Editing:0.000|Photography:0.000"
UCbOh7f6EoY4K-2Vvii-17xg,"PHANTOM","Unclassified (sparse)",0,0,""
UC9n0tUXP7QB5ALfg3PFO19A,"Photography Pro","Unclassified",0.1515,0.1211,"Video Editing:0.152|Photography:0.030|AI:0.000"
UCdQ_ZkYaMe6qPoueUyPQgpQ,"Photoshop Training Channel","Photography",1.0236,0.9644,"Photography:1.024|Film & TV:0.059|Tech:0.021"
UChYbZdv4UApRyuAwCKMVuYg,"Pixel Film Studios","Unclassified",0.1245,0.0071,"Film & TV:0.124|Tech:0.117|Video Editing:0.027"
UCtrdEiQnaRrmseXgggjt3Dw,"Plaid Crafts","Unclassified",0.0414,0.0047,"Photography:0.041|Tech:0.037|AI:0.033"
UCnA2IGSh8jOPPiz20oamKzA,"Planet Fitness Beginner","Unclassified",0.1847,0.1385,"Health:0.185|Film & TV:0.046|AI:0.000"
UC-MEgsEcEkbSuPWpu4a-PzQ,"Plini","Unclassified",0,0,"AI:0.000|Video Editing:0.000|Photography:0.000"
UCKRoXz3hHAu2XL_k3Ef4vJQ,"Pod Save America","Unclassified",0.0765,0.0275,"Construction:0.077|Music:0.049|Coding:0.046"
UCDe08Fs0s0YKJuk5h45csAQ,"Polyphia","Unclassified",0,0,"AI:0.000|Video Editing:0.000|Photography:0.000"
UCSiPjfAJBgbFlIUsxOWpK0w,"PomplamooseMusic","Unclassified",0,0,"AI:0.000|Video Editing:0.000|Photography:0.000"
UCbU6Rve0XMNZ2a2yaYgjlTA,"Pondering Politics","Unclassified",0.0609,0.0609,"News:0.061|AI:0.000|Video Editing:0.000"
UCaw4VmRW8SfygV2u044OpoQ,"POP PSYCH","Unclassified",0.0339,0.0014,"Photography:0.034|Construction:0.032|Tech:0.030"
UC9OFhiq5cs10XYGDwBO_7xg,"Porcupine Tree","Unclassified",0,0,"AI:0.000|Video Editing:0.000|Photography:0.000"
UCWSRFubEPtc-EvqNChdc-ZQ,"Portal Joss Stone","Unclassified",0.0342,0.0342,"Coding:0.034|AI:0.000|Video Editing:0.000"
UCrZ58f5yvy0HQ9hm-hZ1H_g,"Portland Life","Unclassified",0.0503,0,"Business:0.050|Gaming:0.050|Film & TV:0.030"
UCMOqf8ab-42UUQIdVoKwjlQ,"Practical Engineering","Unclassified",0.0932,0.0448,"AI:0.093|Film & TV:0.048|Video Editing:0.000"
UCZa-aF5az5nT4PL4XecbCNw,"Primal Investor","Unclassified",0.0741,0.0741,"3D Printing:0.074|AI:0.000|Video Editing:0.000"
UClyyA0EAUcQ34b7jdFn1m_Q,"ProCamera","Unclassified",0.0422,0.0048,"Woodworking:0.042|Tech:0.037|AI:0.000"
UCQGv_dy-oLeu5SSgz2_8i8w,"Project Diaries","Unclassified",0.0462,0.0125,"AI:0.046|Gardening:0.034|Video Editing:0.024"
UC2rzsm1Qi6N1X-wuOg_p0Ng,"Project Farm","Unclassified",0,0,"AI:0.000|Video Editing:0.000|Photography:0.000"
UCX6c6hTIqcphjMsXbeanJ1g,"Prompt Engineer","Unclassified",0.1035,0.0409,"Tech:0.104|AI:0.063|News:0.041"
UCNB_pp1iJiEDvTxO5wENMZA,"Puddle Of Mudd TV","Unclassified",0.1685,0.0503,"Business:0.169|Music:0.118|AI:0.000"
UCK5-hzSvMAPSSo2vH_LtNKw,"Quazi Johir","Unclassified",0.0634,0.0338,"3D Printing:0.063|Video Editing:0.030|AI:0.029"
UC3uCNdbm9RZb3F_KZKX5u4w,"Rainbow Gardens","Unclassified",0.0261,0.0261,"Film & TV:0.026|AI:0.000|Video Editing:0.000"
UC15W5y0lGyZD7DNIW_VmnyA,"Raiv Creative","Unclassified",0.0928,0.0227,"Video Editing:0.093|Film & TV:0.070|Construction:0.054"
UCpJ7ZS8hK-IOeciv952Xhug,"Really American","Unclassified",0.0471,0.0041,"News:0.047|Construction:0.043|Video Editing:0.000"
UCblfuW_4rakIf2h6aqANefA,"Red Bull","Unclassified",0,0,"AI:0.000|Video Editing:0.000|Photography:0.000"
UCV6hWxB0-u_IX7e-h4fEBAw,"Reed Timmer","Unclassified",0.0375,0.0079,"Comedy:0.038|Aviation:0.030|News:0.027"
UCjIrqdXaUzYEEAIib8bsBrw,"ReelinInTheYears66","Unclassified",0.0369,0.0024,"Film & TV:0.037|Aviation:0.035|Gaming:0.031"
UCCD_GyqAJ2w5UpH9R4yIEjw,"Reinhardt Buhr","Unclassified",0.1021,0.0148,"Music:0.102|Business:0.087|Tech:0.049"
UCif0FLmduEgE0i6ApPOf6IQ,"RemotePilot101","Unclassified (sparse)",0,0,""
UCLBHPoY3NugnZYURxln3fKQ,"Rene Ritchie","Unclassified",0.0833,0.0833,"Construction:0.083|AI:0.000|Video Editing:0.000"
UCCJ56k8nBeqWLoxNa6DToAQ,"Rhett Shull","Unclassified",0.0605,0.0605,"Film & TV:0.061|Video Editing:0.000|Photography:0.000"
UCxp6k6RQ2oP6EmP0W5_J7-g,"RichardTaylorTV","Video Editing",0.7041,0.6396,"Video Editing:0.704|Business:0.065|Gaming:0.065"
UCJquYOG5EL82sKTfH9aMA9Q,"Rick Beato","Unclassified (sparse)",0,0,""
UCcp-HjtmTMeIJ-0RrSHSGLA,"Rick Beato 2","Unclassified",0,0,"AI:0.000|Video Editing:0.000|Photography:0.000"
UCmNAkARqTFvNoyxmFhKTS9Q,"Rick Mulready","Unclassified",0.0416,0.0092,"AI:0.042|Film & TV:0.032|Business:0.027"
UC-Qy-4esLdXmO1F6k5kz0Qg,"Ripple Training","Video Editing",1.185,1.1596,"Video Editing:1.185|Film & TV:0.025|Business:0.021"
UC5UbM7c9BhNBto3_zDcdr4w,"RMNS Channel","Unclassified",0.1138,0.0888,"Construction:0.114|Business:0.025|Gaming:0.025"
UC0FBv8ckxw1hrZxbUm3G7hA,"Rob The AI Guy","Unclassified",0.0598,0.0063,"Aviation:0.060|Business:0.053|Construction:0.049"
UCuR8L5fK6ZXyApcL7vMcv0g,"Robert Benjamin","Unclassified",0.0449,0.0449,"Coding:0.045|AI:0.000|Video Editing:0.000"
UCpVqUbp1Q3LPlOg4DG6F6pQ,"Ronny Jordan - Topic","Unclassified",0.1127,0.0716,"Construction:0.113|Gaming:0.041|AI:0.000"
UCCLD2QUYsDuHdBkQp10Yy0w,"RUHM","Unclassified",0.1105,0.0775,"Business:0.111|Film & TV:0.033|Home Repair:0.026"
UC5C-Asy_myoWCkLEtZR72SA,"Rush","Unclassified (sparse)",0,0,""
UCJU1nWTl6sC_KaXgkqcnBnA,"RV Pastor Kevin","Unclassified (sparse)",0,0,""
UCNl2ziy9FwESuahXMyfCRVA,"RV Tips & Travels","Unclassified",0.065,0.0028,"Photography:0.065|Construction:0.062|Film & TV:0.041"
UCy4vTBzImDfSEQejeWt-xVA,"RVstreet","Unclassified",0.025,0.025,"Photography:0.025|AI:0.000|Video Editing:0.000"
UCJHAT3Uvv-g3I8H3GhHWV7w,"Ryan Hall, Y'all","Unclassified",0,0,"AI:0.000|Video Editing:0.000|Photography:0.000"
UCG98giOsUxIlXV0rNUhxLew,"Ryan Serhant","Unclassified",0.0461,0.0461,"Business:0.046|AI:0.000|Video Editing:0.000"
UC_tusQ99Bno--GHjhb1Aa6g,"RyanNangle","Video Editing",0.7887,0.7887,"Video Editing:0.789|AI:0.000|Photography:0.000"
UCegKDBFMUSQNeWe4FAB7aig,"Sade","Unclassified (sparse)",0,0,""
UCwjDLq70gf6j9B5ykweXJRg,"Samazonkdp","Unclassified",0,0,"AI:0.000|Video Editing:0.000|Photography:0.000"
UCx7DWIF3zT2xapezCxIzNVQ,"Sandra Di","Unclassified",0.1217,0.0126,"Business:0.122|Film & TV:0.109|News:0.091"
UCpsHnULJAkwwckxzdmspKDw,"sawyerhartman","Unclassified",0.1069,0.0704,"Film & TV:0.107|Coding:0.037|AI:0.000"
UC-2JUs_G21BrJ0efehwGkUw,"Scary Pockets","Unclassified",0.0299,0.0299,"Music:0.030|AI:0.000|Video Editing:0.000"
UCs-HqvE13SeePDZEpC__Mkw,"Scott Suggs","Unclassified",0.0629,0.0055,"Business:0.063|Construction:0.057|Coding:0.051"
UCWTj3vCqkQIsrTGSm4kM34g,"Scott's Bass Lessons","Unclassified",0.0392,0.016,"Tech:0.039|Gaming:0.023|Music:0.020"
UCEtMRF1ywKMc4sf3EXYyDzw,"ScottHermanFitness","Unclassified",0.1183,0.1183,"Music:0.118|Video Editing:0.000|Photography:0.000"
UCRhV1rWIpm_pU19bBm_2RXw,"Sean Carroll","Unclassified",0,0,"AI:0.000|Video Editing:0.000|Photography:0.000"
UC6ITJIW6jgrrP5irR7WoHrw,"Sean Dollwet","Unclassified",0.0639,0.0041,"Finance:0.064|Gardening:0.060|Construction:0.049"
UCxPmXKxJcDAhuYVHeFFyGTA,"Sebastian Maniscalco","Unclassified",0,0,"AI:0.000|Video Editing:0.000|Photography:0.000"
UCJm2TgUqtK1_NLBrjNQ1P-w,"Second Thought","Unclassified",0.0324,0,"Business:0.032|Gaming:0.032|Construction:0.030"
UCcaKZ3y-OXjmZZGD-OL--MQ,"Self Publishing Empire","Gaming",0.5224,0.3435,"Gaming:0.522|Business:0.179|Film & TV:0.027"
UCkOTYGNYxS6jq7JT3Fk5NEQ,"Self Publishing Titans","Unclassified",0,0,"AI:0.000|Video Editing:0.000|Photography:0.000"
UC4B8ywA2Cz_K95w2oeWxizg,"Sell on Amazon","Unclassified (sparse)",0,0,""
UCadiUi-KZoFk1K5ZDsluLcA,"Sen. Adam Schiff","Unclassified",0.1127,0.0437,"Coding:0.113|Business:0.069|AI:0.000"
UC5J-7sW8cVzCGyKN8ym4QsA,"Serge Morgotch","Unclassified",0.0668,0.0668,"Film & TV:0.067|AI:0.000|Video Editing:0.000"
UCBtR7ynKM9odz-PW_7uyzDw,"SevereStudios","Unclassified",0,0,"AI:0.000|Video Editing:0.000|Photography:0.000"
UCN9Qw0JvYMh2HwmwSSy3n0w,"Shawn Dolinski","Unclassified",0.0981,0.0414,"Video Editing:0.098|Construction:0.057|Coding:0.051"
UCv7Bgr5Mq-dPYu-Ol4AocEA,"Shinedown","Gaming",0.2176,0.1584,"Gaming:0.218|Coding:0.059|AI:0.000"
UCAc1soZsuAm94dgctvyGAzw,"Shot by Myles","Unclassified",0.1206,0.0672,"Photography:0.121|Tech:0.053|AI:0.000"
UCGn3-2LtsXHgtBIdl2Loozw,"sina-drums","Unclassified",0.0649,0.0207,"Music:0.065|Film & TV:0.044|News:0.037"
UC50lv4EYY1N1_-B495meX8w,"SketchUp","Unclassified",0.1053,0.006,"Finance:0.105|3D Printing:0.099|Woodworking:0.028"
UCwSozl89jl2zUDzQ4jGJD3g,"Skill Leap AI","Unclassified",0,0,"AI:0.000|Video Editing:0.000|Photography:0.000"
UCif4ZSCR6TQ9NgliluF6Ksw,"SL Epoxy Floor Paint","Unclassified",0,0,"AI:0.000|Video Editing:0.000|Photography:0.000"
UCUol4EQWxfmxKUCiKjHxUjA,"Smart Money Tactics","Unclassified",0.1809,0.1508,"Business:0.181|Gaming:0.030|AI:0.000"
UCo1t7ajBc5r44Ejxnod-h7Q,"Snarky Puppy","Unclassified (sparse)",0,0,""
UCE-xQTbJXX0wBi_cbA7-XAw,"Sons of Legion","Unclassified",0.0304,0,"Film & TV:0.030|Finance:0.030|News:0.025"
UC00LJoYxVb0T8e5miMBl0EQ,"Southwestern Health Resources","Unclassified",0.1157,0.0701,"Health:0.116|Comedy:0.046|Music:0.028"
UC_lGMZMTN7Oh9DRKV2eaMtg,"SPACE DESIGN WAREHOUSE","Unclassified",0.085,0.0303,"Tech:0.085|Coding:0.055|Aviation:0.037"
UCU-dblTpSJE0KkvHnj323LA,"Space SPAN (Space Policy and News)","Unclassified",0,0,"AI:0.000|Video Editing:0.000|Tech:0.000"
UCTiL1q9YbrVam5nP2xzFTWQ,"SpaceWeatherNews (S0)","Unclassified",0,0,"AI:0.000|Video Editing:0.000|Photography:0.000"
UCMV3aTOwUtG5vwfH9_rzb2w,"Spark","Unclassified",0.0791,0.0468,"Coding:0.079|Business:0.032|Gaming:0.032"
UCpDJl2EmP7Oh90Vylx0dZtA,"Spinnin' Records","Unclassified",0.0296,0.0087,"Gardening:0.030|Video Editing:0.021|AI:0.000"
UCLihM2pKzsuimSfMmlDB5EQ,"StartupBros","Unclassified",0,0,"AI:0.000|Video Editing:0.000|Photography:0.000"
UClKIjbgtWGzHtXhBDS_I0pg,"State Azure","Unclassified",0.1741,0.1741,"Photography:0.174|AI:0.000|Video Editing:0.000"
UCN3d4-i8WLD7LP-9JgADIBg,"Sterling Patrick Fuentes","Unclassified",0,0,"AI:0.000|Video Editing:0.000|Photography:0.000"
UC-9mlH6az1Q_XUP3fw1N4Fg,"Steven Wilson","Unclassified",0,0,"AI:0.000|Video Editing:0.000|Photography:0.000"
UC9tnwOsaA7T29VuUCuXvr7g,"Stewart and Alina","Unclassified",0.0549,0.0121,"AI:0.055|Film & TV:0.043|News:0.036"
UCjyDzADaZy1WFUWqFmfcHJg,"StreamGeeks","Unclassified",0.0953,0.0953,"News:0.095|AI:0.000|Video Editing:0.000"
UCUFoQUaVRt3MVFxqwPUMLCQ,"StudioBinder","Unclassified",0.0615,0.0615,"Woodworking:0.062|AI:0.000|Video Editing:0.000"
UCj1VqrHhDte54oLgPG4xpuQ,"Stuff Made Here","Unclassified",0.0556,0.0043,"AI:0.056|Comedy:0.051|Photography:0.035"
UCFhMWAVkp-3T2YnwdwH0TXQ,"SVS","Unclassified",0.0436,0.0128,"Finance:0.044|Tech:0.031|Coding:0.030"
UCSDNfhsWyNOz8foxx5p8unQ,"Sweet Project Cars","Unclassified",0.1357,0.1357,"Woodworking:0.136|AI:0.000|Video Editing:0.000"
UCN-JravNOcJu1KBAeuecQ0Q,"Tal Wilkenfeld","Unclassified",0.0224,0.001,"Business:0.022|Photography:0.021|Music:0.020"
UCT5C7yaO3RVuOgwP8JVAujQ,"Taskmaster","Unclassified",0.0607,0.0256,"Coding:0.061|Comedy:0.035|Film & TV:0.030"
UCAVglge_6d2KfnNK3Ar_gag,"Taylor Brown","AI",0.2425,0.1672,"AI:0.243|Woodworking:0.075|Video Editing:0.000"
UCVXr-MS0WcLk5m8D0iVkZ3A,"Tazzie Tazzie","Unclassified (sparse)",0,0,""
UCyH3IAelkUFM0u6Iacx22lA,"Tears For Fears","Unclassified",0.0475,0.0116,"Video Editing:0.047|Finance:0.036|AI:0.000"
UCdngmbVKX1Tgre699-XLlUA,"TechWorld with Nana","Unclassified",0.0823,0.0487,"News:0.082|Coding:0.034|AI:0.000"
UC6ckWeFOnxq5JNGdB5_QKcg,"Ted the Butcher TV","Unclassified (sparse)",0,0,""
UCqP533PjxjSyExyasIe8cNw,"TekMatix","Unclassified",0,0,"AI:0.000|Video Editing:0.000|Photography:0.000"
UCaHkDyvWVXXAGyG2lURMaYg,"Tennessee Brando","Unclassified",0.0544,0.002,"Music:0.054|Tech:0.052|AI:0.000"
UC0p-6V0WzrDWfwUQlyKpv6w,"Texas Academy of Family Physicians","Unclassified",0,0,"AI:0.000|Video Editing:0.000|Photography:0.000"
UCFlXQdhS9koeFIxUagXhb4g,"thatbassvoice®","Unclassified",0.0662,0.0229,"Construction:0.066|Film & TV:0.043|Gardening:0.041"
UCHhYXsLBEVVnbvsq57n1MTQ,"The AI Advantage","Unclassified",0,0,"AI:0.000|Video Editing:0.000|Photography:0.000"
UCKelCK4ZaO6HeEI1KQjqzWA,"The AI Daily Brief: Artificial Intelligence News","Unclassified",0.0559,0.0559,"News:0.056|AI:0.000|Video Editing:0.000"
UCz0zSuukBglV2YwG3_7uKRg,"The Apple Circle","Unclassified",0.1572,0.0831,"Tech:0.157|Film & TV:0.074|Business:0.062"
UC6n8I1UDTKP1IWjQMg6_TwA,"The B1M","Unclassified",0,0,"AI:0.000|Video Editing:0.000|Photography:0.000"
UCx5KB2QDUDH-o8PFnF3yJCQ,"The Basic Filmmaker","Unclassified",0.0302,0.0302,"Home Repair:0.030|AI:0.000|Photography:0.000"
UC0r6S4hmYdRcDnw7zey7Myg,"The Bearded Butchers","Unclassified",0.0296,0.0014,"News:0.030|Home Repair:0.028|Coding:0.024"
UCG4Hp1KbGw4e02N7FpPXDgQ,"The Bulwark","Unclassified",0,0,"Photography:0.000|Tech:0.000|Coding:0.000"
UCuvjQYKukKjVyhSVxQibgOw,"The Calum Johnson Show","Unclassified",0,0,"AI:0.000|Video Editing:0.000|Photography:0.000"
UCry6nxAo2tfVyO6lEboiU3w,"The Carol Burnett Show Official","Unclassified",0.0791,0.0318,"Comedy:0.079|Tech:0.047|Construction:0.026"
UCGB-czkAt6nLd3UrQ1eD0uw,"The Chris Cuomo Project","Unclassified",0.046,0.0278,"Business:0.046|Video Editing:0.018|Photography:0.000"
UCwWhs_6x42TyRM4Wstoq8HA,"The Daily Show","Unclassified",0.088,0.0198,"Construction:0.088|Comedy:0.068|Woodworking:0.046"
UCGq-a57w-aPwyi3pW7XLiHw,"The Diary Of A CEO","Unclassified",0,0,"AI:0.000|Video Editing:0.000|Photography:0.000"
UC9V_-gqJsZNOy4v_HqbRz3w,"The Gardening Channel With James Prigioni","Unclassified",0.0711,0.0281,"Tech:0.071|AI:0.043|Health:0.034"
UCB81DRhPwVoUQcVNp3dBIXQ,"The Graystones","Unclassified",0.0673,0.0062,"Music:0.067|Health:0.061|AI:0.039"
UC7Q4rvzJDbHeBHYk5rnvZeA,"The Humanist Report","Unclassified",0.1826,0.1826,"News:0.183|AI:0.000|Video Editing:0.000"
UCJ0uqCI0Vqr2Rrt1HseGirg,"The Late Late Show with James Corden","Unclassified",0,0,"AI:0.000|Video Editing:0.000|Photography:0.000"
UCMtFAi84ehTSYSE9XoHefig,"The Late Show with Stephen Colbert","Unclassified",0,0,"AI:0.000|Video Editing:0.000|Photography:0.000"
UCpYCxV51bykhMY-wSUozQRg,"The Lincoln Project","Unclassified",0.0709,0.0709,"Video Editing:0.071|AI:0.000|Tech:0.000"
UCeAKdCMMS4I9waww0LDLqng,"The Nerdy Novelist","Unclassified",0,0,"AI:0.000|Video Editing:0.000|Photography:0.000"
UCiWsyCYUN4QDgpL-2PGPckg,"The Parallel Truth","Unclassified",0.0527,0.0527,"News:0.053|AI:0.000|Video Editing:0.000"
UCs9-XIXPfAF465u3OVdMILg,"The People's Majority","Unclassified (sparse)",0,0,""
UCiM2ZsguGDiGfsL2sUNatXQ,"The Pineapple Thief","Unclassified (sparse)",0,0,""
UC1E1SVcVyU3ntWMSQEp38Yw,"The Prof G Pod – Scott Galloway","Unclassified",0.0867,0.0504,"Finance:0.087|Business:0.036|Gaming:0.036"
UCAPciy143ZBXBrFpCVPnWDg,"The Randall Carlson","Unclassified",0.0905,0.0646,"Woodworking:0.090|Coding:0.026|AI:0.000"
UCIzXayRP7-P0ANpq-nD-h5g,"The Sun","Unclassified",0,0,"AI:0.000|Video Editing:0.000|Tech:0.000"
UCJjAIBWeY022ZNj_Cp_6wAw,"The Tesla Space","Unclassified",0.0652,0.0326,"Business:0.065|News:0.033|Gaming:0.033"
UCvEO0vHclzNfDYCyKQV5TsA,"The Wellermen","Unclassified",0.0283,0.0035,"Business:0.028|Music:0.025|Coding:0.023"
UCIFk2uvCNcEmZ77g0ESKLcQ,"The Why Files","Unclassified",0.1451,0.0802,"Gardening:0.145|Gaming:0.065|Comedy:0.046"
UC9OJk22Mh_-aj0ruME96T2w,"The Williams Fam","Unclassified",0,0,"AI:0.000|Video Editing:0.000|Photography:0.000"
UC1yBKRuGpC1tSM73A0ZjYjQ,"The Young Turks","Unclassified",0.0246,0.001,"Photography:0.025|Construction:0.024|AI:0.000"
UC9Ryt3XOGYBoAJVsBHNGDzA,"Theoretically Media","Unclassified",0.0506,0.0018,"Music:0.051|Tech:0.049|AI:0.000"
UCcPuBEAwuF6XWXkcXJXJwsg,"This Guy Edits","Unclassified",0.0845,0.0286,"Film & TV:0.085|Video Editing:0.056|Construction:0.032"
UC7kCeZ53sli_9XwuQeFxLqw,"Ticker Symbol: YOU","Unclassified",0.0999,0.0999,"AI:0.100|Video Editing:0.000|Photography:0.000"
UCp9GmsywyVNLdpu8iB0d9Mg,"Tim Welch Vocal Studio","Unclassified",0.0684,0.0063,"Music:0.068|Film & TV:0.062|Construction:0.047"
UC-8ywcgWTF2gMiPtrycZIcw,"Time Bomb","Unclassified",0.0753,0.0238,"Coding:0.075|Aviation:0.052|Home Repair:0.044"
UC88lvyJe7aHZmcvzvubDFRg,"Timeline - World History Documentaries","Unclassified",0.0828,0.0566,"Video Editing:0.083|Business:0.026|Gaming:0.026"
UCTjDhFuGXlhx9Us0gq0VK2w,"Times Radio","Unclassified (sparse)",0,0,""
UCsN8M73DMWa8SPp5o_0IAQQ,"Tomorrowland","Unclassified",0,0,"AI:0.000|Video Editing:0.000|Photography:0.000"
UCJASBOyF4Fkd26SIwRhLuZw,"Tone and Tighten","Unclassified",0.1128,0.0852,"Health:0.113|Music:0.028|Tech:0.027"
UCRe2W-32N-_uStDULAEdyKA,"Topaz Labs","Unclassified",0,0,"AI:0.000|Video Editing:0.000|Photography:0.000"
UCo33niDKpTpgwZ_dohqvylg,"TubeBuddy","Unclassified",0.0594,0.0174,"3D Printing:0.059|Health:0.042|Film & TV:0.042"
UCEgYhf84VjXDz-W7a9-rdCQ,"Two Bit da Vinci","Unclassified",0,0,"AI:0.000|Video Editing:0.000|Photography:0.000"
UC6OICk-ceplUJf4sCN3DMnQ,"Tyler Stalman","Unclassified",0.0806,0.0806,"Woodworking:0.081|AI:0.000|Video Editing:0.000"
UCx4pIz6Xb3xeC5tz9MYZfWg,"V V","Unclassified (sparse)",0,0,""
UCdOPzgbosSnbfwd9-iXP2NA,"Vanessa Lau","Unclassified",0.0424,0.0026,"Coding:0.042|AI:0.040|Video Editing:0.000"
UCHnyfMqiRRG1u-2MsSQLbXA,"Veritasium","Unclassified",0,0,"AI:0.000|Video Editing:0.000|Photography:0.000"
UC9N2JaiIWYR2GEN1tgHAczA,"Vic Firth","Music",0.2353,0.2353,"Music:0.235|AI:0.000|Video Editing:0.000"
UCWF0PiUvUi3Jma2oFgaiX2w,"VICE TV","Unclassified",0,0,"AI:0.000|Video Editing:0.000|Photography:0.000"
UCnBMUbokI94_PY59m8yDMRg,"VrTours Solutions","Unclassified",0,0,"AI:0.000|Video Editing:0.000|Photography:0.000"
UC6nSFpj9HTCZ5t-N3Rm3-HA,"Vsauce","Unclassified (sparse)",0,0,""
UCuqdsYT5rFqw0L5oO_HwvgA,"WarLeaks - Military Blog","Unclassified",0.0224,0.0044,"Woodworking:0.022|AI:0.018|Video Editing:0.000"
UCaWd5_7JhbQBe4dknZhsHJg,"WatchMojo.com","Unclassified",0.0712,0.0062,"Gaming:0.071|Construction:0.065|Film & TV:0.043"
UCMq1R1LgS04lIKdpLh_OS1w,"Wes McDowell","Unclassified",0.1266,0.1035,"Business:0.127|Construction:0.023|AI:0.000"
UCqcbQf6yw5KzRoDDcZ_wBSw,"Wes Roth","Unclassified",0.1648,0.1042,"AI:0.165|Tech:0.061|Construction:0.033"
UCSrPuHtKbst7Zy8pyWn_3Cg,"What's Inside?","Unclassified",0.0855,0.0494,"Video Editing:0.085|Business:0.036|Gaming:0.036"
UCEFZ7yABV_j9Ts3U18pZ1vw,"Will Chidlow","Unclassified",0.101,0.101,"Film & TV:0.101|AI:0.000|Video Editing:0.000"
UC_gUM8rL-Lrg6O3adPW9K1g,"WION","Unclassified",0,0,"AI:0.000|Video Editing:0.000|Photography:0.000"
UCUZM6dU9lRVEfrZF3EFrzWQ,"Yello","Unclassified",0,0,"AI:0.000|Video Editing:0.000|Photography:0.000"
UClgRkhTL3_hImCAmdLfDE4g,"YouTube Movies","Unclassified",0,0,"AI:0.000|Video Editing:0.000|Photography:0.000"
UC36i_MUpwgeDpXFE4YzAXpw,"Yuqing Guo","Unclassified",0,0,"AI:0.000|Video Editing:0.000|Photography:0.000"
UCpF9KnCcZM9KWovxn3TtZ9Q,"YYNOT","Unclassified",0.1519,0.0829,"Music:0.152|Health:0.069|Gardening:0.065"
UCsy9I56PY3IngCf_VGjunMQ,"Zeihan on Geopolitics","Unclassified",0.0331,0.0015,"News:0.033|Woodworking:0.032|Music:0.029"
UCeeYm4DCcKiN6hmKBspX8Ig,"ZHIYUN-TECH","Unclassified",0.0349,0.0349,"Gaming:0.035|Video Editing:0.000|Photography:0.000"
UCa09am-cOsC-FSgr_nLkFFA,"ZOE","Health",0.4009,0.4009,"Health:0.401|AI:0.000|Video Editing:0.000"
