id,title,umbrella,videoCount
UCaIalqLU0cYvTrc-3rKms1w,3DVista,Tech & Software,82
UCBgc_s9bZcC7_VPC7Qyegfw,4K Clips And Trailers,Unclassified,514
UCgGpNbEWsZhrtV_62dsUDpQ,7idea Productions,Unclassified,215
UCovVc-qqwYp8oqwO3Sdzx7w,74 Gear,Aviation & Flight,315
UCd0Yn5SKGaujdXCwk2TwmoA,360 Vroomers,Unclassified,363
UCyxcZgX1wNU-nk1yB9CvzSw,Aaron Parnas,Unclassified,1440
UC6AFPIXFIHYZItD0fmgDN9Q,Above Ground Pool Builder,DIY/Home/Services,59
UCBS1b2TF1uuhAomGYpFio7w,Above Ground Pros,Unclassified,87
UCv7ayuEI595kZglwebEWWWw,Adam Taylor // Architecture Photography Resources,Business & Finance,151
UCyHaY6HrTUWNWA3bN26esUA,AdEspresso,Unclassified,114
UC1KmNKYC1l0stjctkGswl6g,After Skool,News & Commentary,233
UCNJ1Ymd5yFuUPtn21xtRbbw,AI Explained,Tech & Software,128
UCwicfou4Ewu-koikmga-bEg,AI In Context,Tech & Software,16
UC5l7RouTQ60oUjLjt1Nh-UQ,AI Revolution,Tech & Software,647
UCED3hlYdD0SlCff7jJ8tF3Q,AI Samson,Tech & Software,786
UCnM9I0mYTFSO3wkfof7oUvA,Alex Ford,Business & Finance,220
UCUyDOdBWhC1MCxEjC46d-zw,Alex Hormozi,Business & Finance,3965
UC3N1BvkmnYWqa3SSthhzReA,Allan Walls Photography,News & Commentary,574
UCv42RmpB6iwadGz6n818l6w,Alter Bridge,Unclassified,52
UCDBrVr0ttWpoRY-_yZajp2Q,alyankovic,Unclassified,146
UC34AYD6is66Xpv6HPRB0Miw,AM/PM Podcast,Business & Finance,670
UCORX3Cl7ByidjEgzSCgv9Yw,Anastasi In Tech,Tech & Software,92
UCXUPKJO5MZQN11PqgIvyuvQ,Andrej Karpathy,Unclassified,17
UC2D2CMWXMOVWx7giW1n3LIg,Andrew Huberman,Health & Fitness,401
UCP0z2BisC_uuJGDk90gs2yA,Arc De Soleil,Unclassified,94
UC-smeLB9AnOTeypr1YyjJ3A,ARTE Concert,Music & Musicians,1453
UC1LpsuAUaKoMzzJSEt5WImw,Asianometry,Business & Finance,640
UC7o7gV3iTgpvXqdyThjevsg,ASICentral,Business & Finance,3641
UCe0TLA0EsQbE-MjuHXevj2A,ATHLEAN-X™,Health & Fitness,1632
UC1s_8hYVql2DuDmwuBt9yJA,Aus Flight Simmer,Aviation & Flight,1267
UCgyvzxg11MtNDfgDQKqlPvQ,AuthenTech - Ben Schmanke,Tech & Software,1151
UC0N-iKBpHZlhSFu6BqLsHWQ,AV-Ultra,Health & Fitness,78
UCHIRBiAd-PtmNxAcLnGfwog,B&H Photo Video Pro Audio,News & Commentary,5272
UCXfC0B4gKbYEDYqValFg4Yw,Barry KDP,Unclassified,117
UCZtDUmC3W7j25XHZWFT_XgQ,BBC Music,Music & Musicians,6608
UCIXKkzlHjD1rUPOLRfJZvrg,Becki and Chris,DIY/Home/Services,455
UCAjSHLRJcDfhDSu7WRpOu-w,Ben Claremont,Business & Finance,316
UCQbfC3DLce4TYulsmwf2lzQ,Ben Halsall: Final Cut Pro & Adobe Tutorials,News & Commentary,631
UCBJh1lBd44OGUd5JrHZQvCQ,Best of The Voice,Unclassified,1284
UCeqky0tc84Ezl0CYMW3xKkA,Best360,Unclassified,527
UCOWF2oK605qOVfkCy3we32g,BFBS Forces News,News & Commentary,7475
UCLv09ZbvDVctHv8zIE1hoTw,Black Tie Kitchen,Unclassified,188
UCgMQxnLWLE8YSLFnH9SHmHQ,Blaze Grubbs,Aviation & Flight,50
UCX_gtN8XsErdLPOUkEPaqiA,Blowout Professor,Unclassified,232
UCC4vs_6IdURyXrwYa74k-jw,Blues Lounge,Music & Musicians,371
UCRvnaTGSZQe3xuiZZZVklZA,Bob Moses,Unclassified,257
UCxNZMlrLOGO88BnFwNYgEEA,Bobby Bass,Music & Musicians,203
UCY2p6zqx9LcPZci4KNqkEBg,Brad West,Travel/Vlogs,214
UC3stPIuUoCDHG7COfwr0tEA,Brandon Li,Business & Finance,248
UC_0jev81m10XfTzggeae1Mg,BretFX,Unclassified,93
UCONzk0OgGQC5HiQ7aEPjYyA,BRF Louisiana,Unclassified,72
UCrjya2B7Cd1yZWV1liFtnOA,Brian Murray,Unclassified,100
UCQANb2YPwAtK-IQJrLaaUFw,Brian Tyler Cohen,News & Commentary,5929
UC4rlAVgAK0SGk-yTfe48Qpw,BRIGHT SIDE,News & Commentary,10470
UCxWulY15ahTxS0VieQp-HPg,Brody Dolyniuk,Unclassified,121
UCAG3VrzHOmnNjrDeOpcZfFQ,Brooke C,Music & Musicians,158
UCoUM-UJ7rirJYP8CQ0EIaHA,Bruno Mars,Music & Musicians,104
UCZRp6-Xvzo_dBFvt9L7y3Qw,Build Great Products,Tech & Software,212
UC9xpl8LyFRsKXASGHBBj_xQ,Building Integrity,DIY/Home/Services,63
UCNWb1R70xnomfDf6Iu0uZ2Q,Burkland Gardens,Gardening & Outdoors,94
UCFCDEaQC9NqzYDTxwTejlDg,Butcher Wizard,Business & Finance,157
UCARXOI1UlItgIevoI5jZViQ,CaliKim29 Garden & Home DIY,Gardening & Outdoors,1840
UC6MvbqzzXu9E6SWM2Jf-g_Q,Calum Graham Music,Music & Musicians,128
UCl3lEILSFI3InXa5C__Phug,Cambridge University Cosmology,Unclassified,12
UCMJecdKUslHToOEpeuRGwXg,Candyrat Records,Unclassified,1233
UCx8Thl4BbkOwslTGXzPJx0A,Captain Steeeve,Unclassified,812
UC_hOdGU7CK_jfckv2C6kmFA,Chill Guitar Music,Music & Musicians,75
UCwjvvgGX6oby5mZ3gbDe8Ug,China Insights,Unclassified,1057
UCT2kPBcD6tXn8TP_aV7BmgA,China Observer,Unclassified,3175
UCRte954rw0oeMWFroy_ClAw,Chris Hau,Unclassified,382
UCrPUg54jUy1T_wII9jgdRbg,Chris Ramsay,Business & Finance,1057
UC-dmJ79518WlKMbsu50eMTQ,Clark Kegley,Business & Finance,290
UC-eicAkiRdGLguiS1dS_N9Q,Clay Hayes,Gardening & Outdoors,473
UCaL1DGiCW-HVgqeaLuHUfJA,Cloud Based Real Estate Brokerage with Jesse Dau,Business & Finance,53
UC83jt4dlz1Gjl58fzQrrKZg,CNA,News & Commentary,47699
UCHF66aWLOxBW4l6VkSrS3cQ,Coachella,Unclassified,1077
UCKvKjZ3l9azWz4F49q2R3tQ,Coffee Relaxing Jazz,Music & Musicians,130
UCrk7jhruZVuLshUNh1qUi4g,COGconnected,News & Commentary,2367
UC4QZ_LsYcvcq7qOsOhpAX4A,ColdFusion,News & Commentary,542
UCDUhp92NhqVc0K3jSmWhgvA,Comedy Dynamics,Unclassified,4059
UCXyqlW3MOTbhpQIMapXMOSQ,Content Creators,Unclassified,93
UCghY41qySm6IMH9VbRvf9VA,CopyandContentAI,Tech & Software,209
UCpHdE9yhgSuM4FezX8dmbPw,CPA Strength,Unclassified,638
UCzOlf72W0G4SJBHu9HxR7ng,Crazy About Life,Unclassified,197
UC08Fah8EIryeOZRkjBRohcQ,Creator Magic,Tech & Software,162
UCy6Q9UCG7Wa-N7nht2BFrHA,CSI Starbase,News & Commentary,58
UCkUaT0T03TJvafYkfATM2Ag,Daily Stoic,News & Commentary,3745
UCNf9HkMqlTFiick46DGXY7g,Damien Cooper,Unclassified,363
UCA-mWX9CvCTVFWRMb9bKc9w,Dan Martell,Tech & Software,2519
UC1CAa_tjoI4-bEsEjxvHJXQ,Dane McBeth Publishing,Unclassified,170
UCw2THyt0iIxN6pdCdL8LA8Q,DangerTV,Unclassified,1977
UCwjZLzqHYImv4oCJQcZ8Hig,Daniel Schiffer,Unclassified,256
UCRqGBcNkSE1-w9pbh_j7bSw,Daniella Benita,Unclassified,59
UCpPnsOUPkWcukhWUVcTJvnA,Dave Dugdale,Tech & Software,469
UCNzszbnvQeFzObW0ghk0Ckw,Dave's Garage,DIY/Home/Services,509
UCKCS2T2uR_7h4zpVETbcFjg,David Bayer,Unclassified,354
UCvixJtaXuNdMPUGdOPcY8Ag,David Pakman Show,News & Commentary,40735
UCvKRFNawVcuz4b9ihUTApCg,David Shapiro,Unclassified,562
UCO01dS4TaSRSyOipXEYPL6Q,David Sharpe,Unclassified,2051
UCtkcJMyK1F46NJ5WjX7hBSw,Dead Wax,Music & Musicians,142
UCobfgsTVhaIyIRAms-M4JWw,Deep Woods Custom Guitars,Unclassified,8
UCpr-NNORb2UQYDD3k-w-OFg,Denys Davydov,DIY/Home/Services,1442
UCBB0oz7Yo_35gnbPYGKGJTA,Diesel Creek,DIY/Home/Services,387
UCNawoJ4W-TZHiD6UTPGIiAQ,Digital Feast Studios,Business & Finance,127
UC8wXC0ZCfGt3HaVLy_fdTQw,Digital Trends,News & Commentary,7506
UCPSu8IosaYxsVx5TOGFtjCg,Dirty Loops,Music & Musicians,31
UCEAY1udDi0HBnu7BbxDsJUg,DIY PETE,DIY/Home/Services,163
UCbzNcFN7cxA8HO18cTYyTfg,Doctor Mix,Music & Musicians,1335
UCHHW_lDfbAUr12BbFMqFMnQ,DonV Filmora Tutorials,Business & Finance,86
UCyA6KQ8PgP98E0ToIdq8c7A,Dr. Alex Tubio,Unclassified,1733
UCXnFys9ZXBE0uyDhKHUi-dA,Dr. Andrea Furlan,Health & Fitness,660
UCFAsatVhnrL8j7NXVWvK23A,Dr. Leo,Health & Fitness,20
UCIe2pR6PE0dae9BunJ38F7w,Dr. Sten Ekberg,Health & Fitness,684
UCSsAoV6KrfZZ71Kkwb_GWVA,Dr. Susan Hardwick-Smith,Health & Fitness,326
UCBHhdnYxvu94yefpeZABY9g,Dream Theater,Music & Musicians,310
UC073quTeFarhKNe8ZuC6Qig,Drew Builds Stuff,Unclassified,54
UC_PYpOA0xGq2-24E3RWyOyw,Drone Canada,News & Commentary,109
UCgJ5K7wWoFlnYC3e8eIxYrA,Drone U,Aviation & Flight,1428
UCL4cw2w7kMcTpsqGMtzs02w,Dub Element,Unclassified,209
UCknLrEdhRCp1aegoMqRaCZg,DW News,News & Commentary,42368
UCYlZLHOzom9-MryCEodaoXg,Dylan Bates • The Final Cut Bro,Business & Finance,419
UC_HzoVeEzCUsHJtHCemb9sg,Dylan John,Unclassified,381
UCKUSu0zaUcTg0L6Bsxr51og,Editors Keys,Unclassified,709
UCRKUD_3V4q7qyAexSuiBIFw,El Conan,Music & Musicians,16
UCskD50ri3723Tk1SkS-qAIA,El Estepario Siberiano,Unclassified,915
UCt9kG_EDX8zwGSC1-ycJJVA,Elementor,DIY/Home/Services,797
UCgslJ2VwZHVxw-D095WQ3lQ,Elise Trouw,Unclassified,27
UCN7kH4qcPPPC_KWlX6Ze-Iw,Elizabeth G,Unclassified,0
UCvrmr8Nfd86dG7pnSHC7c6Q,EllenPlaysBass,Music & Musicians,202
UCXAWX5r69jcqPTNAhXCSA7Q,Elon Musk Fan Zone,Unclassified,1016
UCokX6YIQymfsKSJvqo9dGEQ,Endless RVing,Unclassified,1655
UCVIo_UX--1R03WE_U3I6xEA,Engineered Arts,Unclassified,87
UCSbyncU597LMwb3HhnAI_4w,Epic Gardening,Gardening & Outdoors,730
UCka3OGDqIQnPcuh1DtWcBdw,Epic Tutorials for Mobile Filmmaking + EPIC LUTs,Tech & Software,169
UCAPeu_wnvIB5AkQ-xnkLOJA,Eric Welander,Unclassified,456
UCxByVUuLdxxiqQVmbOnDEzw,Erik Grankvist,Business & Finance,78
UCzr30osBdTmuFUS8IfXtXmg,Essential Craftsman,DIY/Home/Services,880
UCzz4CoEgSgWNs9ZAvRMhW2A,Everything Electric CARS,Tech & Software,1066
UCDjvi-_c_ffte2LaNaE2j8g,F-22 Demo Team,Unclassified,43
UCihmYOoCWYffpuMfuP7BAqA,FD Real,Unclassified,315
UCKvJ_vxZZoN5yeWBU2CVGcQ,Fit Father Project - Fitness For Busy Fathers,Health & Fitness,1026
UC_Se32jLBjnOuftl1u3zfLw,Fluctus,News & Commentary,1201
UCHlHSn0iwyYJg9LQETZ5R_Q,Four80East,Music & Musicians,167
UConJDkGk921yT9hISzFqpzw,Freethink,Tech & Software,949
UCnvgtzmvlb6d58d9BbOKuMA,Fstoppers,Unclassified,946
UCw9zJ3qnebPPGsutiEAvu5Q,Full Time Filmmaker,DIY/Home/Services,302
UC_RovKmk0OCbuZjA8f08opw,Futurepedia,Tech & Software,130
UC_kg1A_YPAa66hZWq7VPg7Q,Garden Answer,Gardening & Outdoors,2642
UCigpI42Fq8aYp6IDIoDSqQQ,Garden Style nw,Gardening & Outdoors,133
UCWsI0LmiDyezbnN2JCL4P9w,Gardener Scott,Gardening & Outdoors,870
UCnPPpuLBjQZYC6M2BDxd0Ew,Gardening Products Review,Gardening & Outdoors,90
UCptL6_qMImyW_yZwiMjQdpg,Gary Pilarchik (The Rusted Garden),Gardening & Outdoors,2162
UCctXZhXmG-kf3tlIXgVZUlw,GaryVee,Unclassified,6376
UCR1LVH-teuA3-Kfy576TYSw,georgemichael,Unclassified,101
UCrWmonkmTk5NbvmVnc7f70w,Glenn Kirschner,News & Commentary,2099
UCIJHwsTJyrH4YznoJxZmJHQ,GR-Research,Business & Finance,317
UC9r61qohBg1qgGty4_WzojA,GrowVeg,Gardening & Outdoors,561
UCfE5Cz44GlZVyoaYTHJbuZw,Guga Foods,Unclassified,562
UC7HOGKjSKzP5PBfmdaAkbQg,Guildhall School of Music & Drama,Unclassified,234
UC8YXmNHJ-JS0dd7z4Z9ChXA,Harv Video/Audio Stuff,Unclassified,468
UCnbKOlm6H9njgmN-Yil90Rg,Heather Cox Richardson,News & Commentary,413
UCpBvckYg2UXArcfzRcjpPjw,Helium 10,Business & Finance,603
UC9HFMty5k4jdj36wV4E4Iuw,Hidden Technology,Business & Finance,258
UC9MAhZQQd9egwWCxrwSIsJQ,HISTORY,Unclassified,11054
UCZEWB-9BQ2DW-gwBlJJaWNg,Hollywood:FCP,Unclassified,27
UCnorhjQR4zJkT7AVNhu395Q,Home RenoVision DIY,DIY/Home/Services,1023
UCpJ1vJPFqImom-NN2fkBS0A,HouseImprovements,DIY/Home/Services,484
UCeEqIv7lVwOOLnwxuuhQFuQ,Hugh Hou,Unclassified,1218
UCqyRc7Thu1T7qLIPvy0r7JA,I Love RV Life,DIY/Home/Services,403
UC-ptWR16ITQyYOglXyQmpzw,IAmTimCorey,Unclassified,888
UCZZwD8OcPUOo1WOVad_tKWA,Idustrial Revolution,Unclassified,182
UCgBg0aacyJnw4qUnb1FlfEQ,Institute of Human Anatomy,Health & Fitness,901
UCFQgi22Ht00CpaOQLtvZx2A,ITV News,News & Commentary,25206
UCHsThxa9HvDpSywv4bP55NA,J. Gravelle,Unclassified,99
UCHzfWTvyt4VY7QTKKwY84Tw,Jack Cole,Unclassified,1000
UCbd-QOxzNKQifQfSuaH5I0A,JackConteExtras,Music & Musicians,164
UC0aNNLyM8FveAGEeaOND10A,Jahin Shahriar,Business & Finance,154
UC-U0quP8-RF1pvyCessLg0g,Jake Sloan,Unclassified,468
UCMb0O2CdPBNi-QqPk5T3gsQ,James Hoffmann,News & Commentary,390
UCZG-C5esGZyVfxO2qXa1Zmw,Jared Polin,News & Commentary,3796
UCMlK5j8VTQHD21a79_cnZxA,Jasmine Hardie,Travel/Vlogs,60
UCSm7riYU-NTWWFlG9XJBcRA,Jason Lee,Business & Finance,78
UC7Y1wd4-c4H2Cl0lAuNvJ-Q,jaybyrdfilms,News & Commentary,253
UCR-DXc1voovS8nhAvccRZhg,Jeff Geerling,Unclassified,528
UCXoJOZU-pR7AfD5yfae-zNg,Jenn Jager Pro Tutorials,Business & Finance,197
UCUSySH2YjIwsDu2Hx6DWwTA,Jesse Dollemore,News & Commentary,5044
UCFIRm1Fv1VC4DZxmYyvNOTQ,Jeven Dovey,Travel/Vlogs,997
UCf9BO33b-MnIxB5y0azrxmg,Jimmy Carr,Unclassified,2035
UCa6vGFO9ty8v5KZJXQxdhaw,Jimmy Kimmel Live,DIY/Home/Services,7566
UC-2YHgc363EdcusLIBbgxzg,Joe Scott,Unclassified,923
UC5PA3oLhFbaba-LlbR_xVNg,joegardenerTV,Gardening & Outdoors,268
UC_Oz4jIU_rSmXaBH69kmddw,Johnny Davidson - Drumming & Hang Gliding,Tech & Software,444
UCmGSJVG3mCRXVOP4yZrU1Dw,Johnny Harris,News & Commentary,486
UCXoMM35ugF5iOzAEb-PmfRA,Jonathan Petramala,Business & Finance,289
UC40gs0opj389ohjLnJIAJzA,Jonathan Young,Music & Musicians,634
UCqq3PZwp8Ob8_jN0esCunIw,Just For Laughs,News & Commentary,2281
UC8Sh9yuLqlpnQdBdcfwFErA,Just One Dime,Unclassified,388
UCkUDijzPGiHVBSeOktgpMiQ,K9’s and Chaos,Unclassified,288
UCrBId04l9CaruJsQ5Q8y9lA,Kanade Sato,Music & Musicians,137
UCcFfP0Px7cO3h6BCZUpXUQQ,Keith Wheeler Books,Business & Finance,479
UCIma2WOQs1Mz2AuOt6wRSUw,KenDBerryMD,Health & Fitness,1972
UC_fXTGbg6ck3BU6X65e3sag,Kendrick's Gear Journal,Business & Finance,190
UCnAGH-jp4YXl30rir1BPrxA,Keto Recipes,Health & Fitness,296
UC-s3Pb8uIBm0QN8MVaulJKA,Kindlepreneur,Unclassified,142
UCQaqi80QVyIhFQ6HZTXCeOg,King County Sheriff Air Support,Unclassified,289
UCLRlryMfL8ffxzrtqv0_k_w,KinoCheck.com,News & Commentary,7881
UCyKUfgfeRaCrqMr9b0UcSoQ,Kraken The Box,Unclassified,177
UCW7bg34be3iNMXjPNctjYKA,KSENIA BUZINA,Unclassified,21
UCFbtcTaMFnOAP0pFO1L8hVw,Kyle Hill,Unclassified,429
UC4oVjJptcsvtgIMrdIUQYlQ,LADbible Stories,DIY/Home/Services,1437
UCXZDUSJ0XU4KxhI00R_yCXQ,Lari Basilio,Music & Musicians,258
UCSvCR76uY0R8mjVETskWRvg,Larry Jordan,Unclassified,1365
UCz8K1occVvDTYDfFo7N5EZw,Law&Crime Network,News & Commentary,29755
UCzUyasGg5A03r3zPkorqIBQ,Learn Color Grading,Unclassified,177
UCyy1JVscJxxJfJx2IrQm2Ug,Learn From Most Influential Investors,Unclassified,198
UCWWq67D7TofEPq_eBiaYCWw,Learn Online Video,Unclassified,174
UCUnFheTbVpASikm0YPb8pSw,Learn Organic Gardening at GrowingYourGreens,Gardening & Outdoors,1806
UCJgZJZZbnLFPr5GJdCuIwpA,Legal AF,News & Commentary,3105
UCpa-Zb0ZcQjTCPP1Dx_1M8Q,LegalEagle,Unclassified,818
UCReiNw77Lw8Es5VMNekirrw,Leggari Products,DIY/Home/Services,919
UCD5ZsXiIFlrWrbOCM6rEDKQ,Leonid & Friends,Unclassified,168
UCq6TJZjUFp877PkgeJkETew,Lester Picker,Unclassified,49
UCJXz-QU2_KU7pSuWr12XTHA,Levi Allen,Travel/Vlogs,559
UCSHZKyawb77ixDdsGog4iWA,Lex Fridman,Unclassified,847
UC74ssco0gFbhNpXHJyYcYEQ,Lexington Lab Band ®️,Music & Musicians,318
UCui4jxDaMb53Gdh-AZUTPAg,Liam Ottley,Tech & Software,191
UCX1RcjoZnq4UHSrj0Vc03Bg,LIFT-OFF,Business & Finance,461
UCKHO2e2sy2wqu1Ch8j7zfrA,Lisa  Life and Style,Business & Finance,2171
UCItFLm69UtzH5FYCnHJfAHg,LITTLE BIG BEAT STUDIOS,Unclassified,393
UCZ2wHrgU2nr0CoO0KNSDV5g,Live Nation,Unclassified,2164
UC1nJElGcVcTpeZJVyxEbzJw,Live Storms Media,Weather & Storms,23436
UC-6LDZDGRvS8XH9O8An4kEg,Live Your Message with Marisa Murgatroyd,News & Commentary,420
UCOwiQHSjCZdLfurAAnh7v7w,LLTArchived2,Unclassified,0
UCBeWUqDIm65lB9w9MuDAWrA,Locometric,Unclassified,37
UC-RA5BzE_BnZhf5iVdNF1hA,loopop,Music & Musicians,397
UCG2Any5yo0Lgiwf3o_GiF-A,Los Lonely Boys,Unclassified,74
UC3TqK2sSktlk7CmXGpw7_Cg,Low End University,Music & Musicians,326
UC6biysICWOJ-C3P4Tyeggzg,Low Level,Tech & Software,327
UCM05jgFNwoeXvWfO9GuExzA,Luke Beasley,News & Commentary,5069
UCZrvodIV5I4meIJl8P2NF6A,Luke Million,Unclassified,290
UCMLtBahI5DMrt0NPvDSoIRQ,Machine Learning Street Talk,Tech & Software,301
UClI2TvzZX2IkZ_usZV8QOvA,Mack Avenue,Music & Musicians,1647
UCqmjz2x7NffJRMg4mmeDTvg,magicplan,Tech & Software,298
UCcNrmSXswsMJzuaSQknziTw,Make Money Matt,Business & Finance,104
UCmRE4gvdeDkwf1oJrsabWWQ,MAKE. ART. NOW.,Unclassified,113
UCZiGGE0e0DctISlShAILbjQ,Marcin,Music & Musicians,48
UCknsp0YMH7BwVes8_bwWpnw,Mark Harrison,News & Commentary,570
UCY1kMZp36IQSyNx_9h4mpCg,Mark Rober,Unclassified,229
UCsPpLcxHv5XJw4Rx5GALUjg,MarketingBlocks AI,Tech & Software,231
UCKqf_mRynhJ_o0oGOH4VNvg,"Marla Heller, MS, RD, Mediterranean & DASH expert",Health & Fitness,13
UCKrWgJg6GU9OwC-5fSqfB1g,Martin Miller,Music & Musicians,245
UCjvBO4kjuBSYe6Bi3RYQAQA,"Mary Kate ""M.K."" Williams",Unclassified,580
UCSzRlpPbZTA6b8weTKnSHlA,Mary Trump Media,News & Commentary,1205
UCP5A5lVxaT7cO_LehpxjTZg,Matt Diggity,Unclassified,537
UChYHKRass0kZvBkVKQuZElQ,Matt Gray,Business & Finance,910
UCh1vNDTd-d60UEJRf6BAUZA,Matt Johnson’s Keyspace,Music & Musicians,132
UCLAEBQMxxwE6gNy13q_rdcg,Matt Lorion,Business & Finance,37
UChpleBmo18P08aKCIgti38g,Matt Wolfe,Tech & Software,496
UCwdVOry0oNF9WIe_3uCfz9Q,Matt's Off Road Recovery,Unclassified,978
UCFTEN8q_sQNHVENU4KcCMAA,Matthew Anderson,Unclassified,87
UCawZsQWqfGSbCI5yjkdVkTA,Matthew Berman,Tech & Software,742
UC45W_AtKcDxSmWR1s1xsLEg,Matthew O'Brien,Business & Finance,369
UC_pT_Iz6XjuM-eMTlXghdfw,Max the Meat Guy,Tech & Software,700
UCeRxxz9ByOqdd8A-0iF_Idg,Mayday: Air Disaster,Aviation & Flight,1060
UC4InHaWu_I_vSuBPlVj_L3Q,mbmars01,Unclassified,544
UCG-iSMVtWbbwDDXgXXypARQ,MedCram - Medical Lectures Explained CLEARLY,Health & Fitness,621
UC9r9HYFxEQOBXSopFS61ZWg,MeidasTouch,News & Commentary,18421
UCwpHKudUkP5tNgmMdexB3ow,Mentour Pilot,Aviation & Flight,706
UCru5yi7yq_Y8Q4Ye4eB0r2Q,MHFIN,Business & Finance,452
UC1vts8sER8VOrgh9L8RyBOQ,Michael Ramsey:                       On The Riser,Unclassified,142
UCqBERDzM6ZcovT1s01kIrVg,Michigan Foot Doctors,Health & Fitness,1438
UCFtEEv80fQVKkD4h1PF-Xqw,Microsoft,News & Commentary,1599
UCJ9905MRHxwLZ2jeNQGIWxA,Microsoft Mechanics,Tech & Software,1119
UCVGVbOl6F5rGF4wSYS6Y5yQ,MIgardener,Gardening & Outdoors,2312
UCYEiWHoP2IHHgjOapTAYMQw,Mike Russell,Unclassified,1926
UCh35n5aqG8fF2tXXEtDd0EQ,Military News,News & Commentary,217
UC_P_VjGqCyjQyCwBUPu4lHg,Milo Andreo,Music & Musicians,935
UCYenDLnIHsoqQ6smwKXQ7Hg,#Mind Warehouse,Unclassified,957
UCUHW94eEFW7hkUMVaZz4eDg,minutephysics,Unclassified,293
UC8sibhG707qg5AlVlj5P3mw,Momentum Productions,Tech & Software,1081
UCmIxjdhwpUI5lDoslfDqcPQ,Money on The Side,Business & Finance,125
UCSL3dIAj0iMBz1V4Rz-AUFA,MOTIV8,Unclassified,42
UCs26XZBwrSZLiTEH8wcoVXw,Moz,Business & Finance,1048
UCaVp-iXRPfiSxbkhmi56IHQ,MrMBB333,Unclassified,3297
UCaXkIU1QidjPwiAYu6GcHjg,MSNBC,News & Commentary,103518
UC-9-kyTW8ZkZNDHQJ6FgpwQ,Music,Music & Musicians,0
UCV-gQcOtKcxOPaPk1MVe4jQ,Music Shed,Music & Musicians,557
UC5ve4DxNMLRXOetCYWFUkYw,Música Progressiva,Unclassified,74
UC8JT2m0mKEgvEtie3JNKwew,Naked Science,Unclassified,682
UC-_eueKsPcJUPnCguEufWPA,Nate's Tech,Tech & Software,0
UC_7KM3ANRHy2zhQ_zl-C4XQ,Nathan Cool Photo,Unclassified,355
UC0Z-E_L3z_JLVNuFoS8fefA,National Park Diaries,News & Commentary,183
UCejgtTHroWI5sF_2-fuiF4Q,Nature's Always Right,Unclassified,391
UCqZQlzSHbVJrwrn5XvzrzcA,NBC Sports,Unclassified,42060
UCl-Zrl0QhF66lu1aGXaTbfw,Neil Patel,Business & Finance,2168
UCtYKe7-XbaDjpUwcU5x0bLg,neo,News & Commentary,78
UCCjG8NtOig0USdrT5D1FpxQ,NewsNation,Unclassified,75192
UCcJceGUaevGlP7s2xzL9akA,Next Level Gardening,Gardening & Outdoors,533
UCunQ-SNSI9uOZwrb62po_tQ,Next Level Riding Clinics,Unclassified,147
UCRmm7T6mAm-QBNvnEaIl3AA,Nick Johnston,Unclassified,61
UCxv1rK6prSp2aoNqNyxD_Vg,Nick Page,Gardening & Outdoors,279
UCX9mv-ifhUnNrRi8qdscFeQ,Nick Powell Photography,Unclassified,47
UCbo-KbSjJDG6JWQ_MTZ_rNA,Nick Saraev,Business & Finance,255
UCxMoaKZtWKFuHGr7LIInOOQ,Nick Stephenson,Unclassified,19
UCkJld-AoXurbT2jDnfM8qiA,Nigel Danson,Gardening & Outdoors,435
UCPhq7iR65k0gWcraXgLiY1A,Nigel John Stanford,Music & Musicians,31
UCM2FoYtC-2PQzMr_gDfQnHg,No Film School,Unclassified,792
UCFPzKZg-By8_DtBJiEDLcJw,NOAPOLOGY,Music & Musicians,123
UCUowDOg5xfSWV0hUYeUUbfw,Notepirate,Business & Finance,100
UCjHz5SVHeMT0AViCYZvsGDA,NOVA PBS Official,News & Commentary,1305
UC2mLN9pZNE8_ccLHmA1SHvA,NovationHelp,Unclassified,184
UC4eYXhJI4-7wSWc8UNRwD4A,NPR Music,Music & Musicians,2823
UCHvSoleJlpzZYEHpcn32Xng,NWVideoTours,Business & Finance,259
UCAhcelYvyDAPy0cn_sscWkw,Off Grid In The Pacific North West,Gardening & Outdoors,830
UC5kQUZFCbuZQorVnzS6P_xA,Olivier Girard - the Posture Guy,Unclassified,442
UCdYVQ4i7eZD_GJkL4yxkKCw,Olufemii,Unclassified,735
UC8JracmfBuygk-myx7lVZnw,On the House - Real Estate Marketing,Business & Finance,24
UC0XRm3cLtvjjceli-Oa1X2Q,ONSCENE TV,News & Commentary,8020
UCwpRQ_NrBJvGlwCG__qy9Og,Ordinary Filmmaker,News & Commentary,1818
UC2itzMBo0R0kHZ8cF7nrcaA,Oregon Public Broadcasting,Unclassified,1521
UCeE3lj6pLX_gCd0Yvns517Q,Ozzy Man Reviews,Unclassified,1121
UCSxR0IZEq1WhTJqAnQGyk4g,Pacific Northwest Weather Watch,Weather & Storms,1981
UCTQnU1zyhvwscc2P5QS-tLw,Pakman Live,Unclassified,1028
UCs030M7gu_Pi2ag9a12oa8w,Pan Rocks!,Unclassified,68
UCrRttZIypNTA1Mrfwo745Sg,Paramount Plus,News & Commentary,92054
UCQhuXR2O6MpsCHfByBiF10Q,Pavement Repair Products Co.,DIY/Home/Services,7
UCpxYSWgxVt3Pyn1ovXsGQ0g,PBS Terra,Unclassified,455
UCkRhsBbu0tvQrXBtvpl0kIg,Peaches Skin Care,Unclassified,604
UCI6GYwCv9ZFkoiUgobwcLzQ,Performance AI,Tech & Software,35
UC4hELpI0Zw3t7ASEGkgkmZA,Peter Barber,Music & Musicians,779
UCaPZyvqGjmxdTUYhyf1zEkQ,Peter Leyden,News & Commentary,79
UCtM-xct7QQx0dL-swaMzYbg,Peter Lindgren,Travel/Vlogs,676
UCXElBPBCkhdDWMmCPMFq_6A,Peter Makholm,Unclassified,216
UC3DkFux8Iv-aYnTRWzwaiBA,Peter McKinnon,Business & Finance,767
UCbOh7f6EoY4K-2Vvii-17xg,PHANTOM,Music & Musicians,197
UC9n0tUXP7QB5ALfg3PFO19A,Photography Pro,Unclassified,24
UCdQ_ZkYaMe6qPoueUyPQgpQ,Photoshop Training Channel,Health & Fitness,598
UChYbZdv4UApRyuAwCKMVuYg,Pixel Film Studios,Unclassified,1933
UCtrdEiQnaRrmseXgggjt3Dw,Plaid Crafts,DIY/Home/Services,1883
UCnA2IGSh8jOPPiz20oamKzA,Planet Fitness Beginner,Health & Fitness,42
UC-MEgsEcEkbSuPWpu4a-PzQ,Plini,Music & Musicians,132
UCKRoXz3hHAu2XL_k3Ef4vJQ,Pod Save America,News & Commentary,3100
UCDe08Fs0s0YKJuk5h45csAQ,Polyphia,Travel/Vlogs,175
UCSiPjfAJBgbFlIUsxOWpK0w,PomplamooseMusic,Business & Finance,580
UCbU6Rve0XMNZ2a2yaYgjlTA,Pondering Politics,News & Commentary,3142
UCaw4VmRW8SfygV2u044OpoQ,POP PSYCH,Health & Fitness,938
UC9OFhiq5cs10XYGDwBO_7xg,Porcupine Tree,Unclassified,49
UCWSRFubEPtc-EvqNChdc-ZQ,Portal Joss Stone,Unclassified,244
UCrZ58f5yvy0HQ9hm-hZ1H_g,Portland Life,Business & Finance,147
UCMOqf8ab-42UUQIdVoKwjlQ,Practical Engineering,News & Commentary,226
UCZa-aF5az5nT4PL4XecbCNw,Primal Investor,Business & Finance,150
UClyyA0EAUcQ34b7jdFn1m_Q,ProCamera,Tech & Software,30
UCQGv_dy-oLeu5SSgz2_8i8w,Project Diaries,Gardening & Outdoors,136
UC2rzsm1Qi6N1X-wuOg_p0Ng,Project Farm,Unclassified,481
UCX6c6hTIqcphjMsXbeanJ1g,Prompt Engineer,Tech & Software,378
UCNB_pp1iJiEDvTxO5wENMZA,Puddle Of Mudd TV,Music & Musicians,239
UCK5-hzSvMAPSSo2vH_LtNKw,Quazi Johir,Unclassified,932
UC3uCNdbm9RZb3F_KZKX5u4w,Rainbow Gardens,Unclassified,947
UC15W5y0lGyZD7DNIW_VmnyA,Raiv Creative,Tech & Software,16
UCpJ7ZS8hK-IOeciv952Xhug,Really American,News & Commentary,3362
UCblfuW_4rakIf2h6aqANefA,Red Bull,News & Commentary,6719
UCV6hWxB0-u_IX7e-h4fEBAw,Reed Timmer,Weather & Storms,2886
UCjIrqdXaUzYEEAIib8bsBrw,ReelinInTheYears66,Music & Musicians,3232
UCCD_GyqAJ2w5UpH9R4yIEjw,Reinhardt Buhr,Music & Musicians,231
UCif0FLmduEgE0i6ApPOf6IQ,RemotePilot101,Unclassified,263
UCLBHPoY3NugnZYURxln3fKQ,Rene Ritchie,Unclassified,497
UCCJ56k8nBeqWLoxNa6DToAQ,Rhett Shull,Unclassified,662
UCxp6k6RQ2oP6EmP0W5_J7-g,RichardTaylorTV,Tech & Software,1164
UCJquYOG5EL82sKTfH9aMA9Q,Rick Beato,Music & Musicians,1978
UCcp-HjtmTMeIJ-0RrSHSGLA,Rick Beato 2,Unclassified,507
UCmNAkARqTFvNoyxmFhKTS9Q,Rick Mulready,Tech & Software,61
UC-Qy-4esLdXmO1F6k5kz0Qg,Ripple Training,Health & Fitness,1009
UC5UbM7c9BhNBto3_zDcdr4w,RMNS Channel,Music & Musicians,5
UC0FBv8ckxw1hrZxbUm3G7hA,Rob The AI Guy,Tech & Software,202
UCuR8L5fK6ZXyApcL7vMcv0g,Robert Benjamin,Unclassified,1493
UCpVqUbp1Q3LPlOg4DG6F6pQ,Ronny Jordan - Topic,Music & Musicians,134
UCCLD2QUYsDuHdBkQp10Yy0w,RUHM,Business & Finance,28
UC5C-Asy_myoWCkLEtZR72SA,Rush,Unclassified,84
UCJU1nWTl6sC_KaXgkqcnBnA,RV Pastor Kevin,Unclassified,101
UCNl2ziy9FwESuahXMyfCRVA,RV Tips & Travels,DIY/Home/Services,136
UCy4vTBzImDfSEQejeWt-xVA,RVstreet,DIY/Home/Services,122
UCJHAT3Uvv-g3I8H3GhHWV7w,"Ryan Hall, Y'all",Weather & Storms,713
UCG98giOsUxIlXV0rNUhxLew,Ryan Serhant,Business & Finance,465
UC_tusQ99Bno--GHjhb1Aa6g,RyanNangle,Unclassified,311
UCegKDBFMUSQNeWe4FAB7aig,Sade,Unclassified,4
UCwjDLq70gf6j9B5ykweXJRg,Samazonkdp,Business & Finance,130
UCx7DWIF3zT2xapezCxIzNVQ,Sandra Di,Business & Finance,112
UCpsHnULJAkwwckxzdmspKDw,sawyerhartman,Unclassified,622
UC-2JUs_G21BrJ0efehwGkUw,Scary Pockets,Music & Musicians,422
UCs-HqvE13SeePDZEpC__Mkw,Scott Suggs,Business & Finance,33
UCWTj3vCqkQIsrTGSm4kM34g,Scott's Bass Lessons,Music & Musicians,2124
UCEtMRF1ywKMc4sf3EXYyDzw,ScottHermanFitness,Unclassified,1977
UCRhV1rWIpm_pU19bBm_2RXw,Sean Carroll,Unclassified,553
UC6ITJIW6jgrrP5irR7WoHrw,Sean Dollwet,Business & Finance,634
UCxPmXKxJcDAhuYVHeFFyGTA,Sebastian Maniscalco,Unclassified,1445
UCJm2TgUqtK1_NLBrjNQ1P-w,Second Thought,Unclassified,406
UCcaKZ3y-OXjmZZGD-OL--MQ,Self Publishing Empire,Business & Finance,215
UCkOTYGNYxS6jq7JT3Fk5NEQ,Self Publishing Titans,Unclassified,74
UC4B8ywA2Cz_K95w2oeWxizg,Sell on Amazon,Unclassified,522
UCadiUi-KZoFk1K5ZDsluLcA,Sen. Adam Schiff,Unclassified,2321
UC5J-7sW8cVzCGyKN8ym4QsA,Serge Morgotch,Unclassified,450
UCBtR7ynKM9odz-PW_7uyzDw,SevereStudios,Weather & Storms,287
UCN9Qw0JvYMh2HwmwSSy3n0w,Shawn Dolinski,Unclassified,864
UCv7Bgr5Mq-dPYu-Ol4AocEA,Shinedown,Music & Musicians,419
UCAc1soZsuAm94dgctvyGAzw,Shot by Myles,Unclassified,19
UCGn3-2LtsXHgtBIdl2Loozw,sina-drums,Music & Musicians,631
UC50lv4EYY1N1_-B495meX8w,SketchUp,News & Commentary,2219
UCwSozl89jl2zUDzQ4jGJD3g,Skill Leap AI,Tech & Software,296
UCif4ZSCR6TQ9NgliluF6Ksw,SL Epoxy Floor Paint,Unclassified,150
UCUol4EQWxfmxKUCiKjHxUjA,Smart Money Tactics,Business & Finance,29
UCo1t7ajBc5r44Ejxnod-h7Q,Snarky Puppy,Unclassified,11
UCE-xQTbJXX0wBi_cbA7-XAw,Sons of Legion,Music & Musicians,285
UC00LJoYxVb0T8e5miMBl0EQ,Southwestern Health Resources,Health & Fitness,14
UC_lGMZMTN7Oh9DRKV2eaMtg,SPACE DESIGN WAREHOUSE,Unclassified,247
UCU-dblTpSJE0KkvHnj323LA,Space SPAN (Space Policy and News),News & Commentary,893
UCTiL1q9YbrVam5nP2xzFTWQ,SpaceWeatherNews (S0),Weather & Storms,6349
UCMV3aTOwUtG5vwfH9_rzb2w,Spark,News & Commentary,1003
UCpDJl2EmP7Oh90Vylx0dZtA,Spinnin' Records,Music & Musicians,13073
UCLihM2pKzsuimSfMmlDB5EQ,StartupBros,Business & Finance,75
UClKIjbgtWGzHtXhBDS_I0pg,State Azure,Music & Musicians,597
UCN3d4-i8WLD7LP-9JgADIBg,Sterling Patrick Fuentes,Unclassified,190
UC-9mlH6az1Q_XUP3fw1N4Fg,Steven Wilson,Unclassified,262
UC9tnwOsaA7T29VuUCuXvr7g,Stewart and Alina,Music & Musicians,197
UCjyDzADaZy1WFUWqFmfcHJg,StreamGeeks,DIY/Home/Services,686
UCUFoQUaVRt3MVFxqwPUMLCQ,StudioBinder,Unclassified,607
UCj1VqrHhDte54oLgPG4xpuQ,Stuff Made Here,News & Commentary,38
UCFhMWAVkp-3T2YnwdwH0TXQ,SVS,DIY/Home/Services,245
UCSDNfhsWyNOz8foxx5p8unQ,Sweet Project Cars,Business & Finance,792
UCN-JravNOcJu1KBAeuecQ0Q,Tal Wilkenfeld,Music & Musicians,25
UCT5C7yaO3RVuOgwP8JVAujQ,Taskmaster,Unclassified,1508
UCAVglge_6d2KfnNK3Ar_gag,Taylor Brown,Unclassified,145
UCVXr-MS0WcLk5m8D0iVkZ3A,Tazzie Tazzie,Unclassified,1
UCyH3IAelkUFM0u6Iacx22lA,Tears For Fears,News & Commentary,57
UCdngmbVKX1Tgre699-XLlUA,TechWorld with Nana,Tech & Software,139
UC6ckWeFOnxq5JNGdB5_QKcg,Ted the Butcher TV,Unclassified,18
UCqP533PjxjSyExyasIe8cNw,TekMatix,Business & Finance,238
UCaHkDyvWVXXAGyG2lURMaYg,Tennessee Brando,Music & Musicians,2706
UC0p-6V0WzrDWfwUQlyKpv6w,Texas Academy of Family Physicians,Unclassified,61
UCFlXQdhS9koeFIxUagXhb4g,thatbassvoice®,Music & Musicians,439
UCHhYXsLBEVVnbvsq57n1MTQ,The AI Advantage,Tech & Software,611
UCKelCK4ZaO6HeEI1KQjqzWA,The AI Daily Brief: Artificial Intelligence News,Tech & Software,1172
UCz0zSuukBglV2YwG3_7uKRg,The Apple Circle,Unclassified,374
UC6n8I1UDTKP1IWjQMg6_TwA,The B1M,DIY/Home/Services,767
UCx5KB2QDUDH-o8PFnF3yJCQ,The Basic Filmmaker,Health & Fitness,778
UC0r6S4hmYdRcDnw7zey7Myg,The Bearded Butchers,Business & Finance,1656
UCG4Hp1KbGw4e02N7FpPXDgQ,The Bulwark,News & Commentary,7380
UCuvjQYKukKjVyhSVxQibgOw,The Calum Johnson Show,Unclassified,421
UCry6nxAo2tfVyO6lEboiU3w,The Carol Burnett Show Official,Unclassified,949
UCGB-czkAt6nLd3UrQ1eD0uw,The Chris Cuomo Project,News & Commentary,551
UCwWhs_6x42TyRM4Wstoq8HA,The Daily Show,News & Commentary,7819
UCGq-a57w-aPwyi3pW7XLiHw,The Diary Of A CEO,Unclassified,516
UC9V_-gqJsZNOy4v_HqbRz3w,The Gardening Channel With James Prigioni,Gardening & Outdoors,707
UCB81DRhPwVoUQcVNp3dBIXQ,The Graystones,Music & Musicians,39
UC7Q4rvzJDbHeBHYk5rnvZeA,The Humanist Report,News & Commentary,6159
UCJ0uqCI0Vqr2Rrt1HseGirg,The Late Late Show with James Corden,Unclassified,5788
UCMtFAi84ehTSYSE9XoHefig,The Late Show with Stephen Colbert,Unclassified,12322
UCpYCxV51bykhMY-wSUozQRg,The Lincoln Project,Unclassified,2812
UCeAKdCMMS4I9waww0LDLqng,The Nerdy Novelist,Tech & Software,362
UCiWsyCYUN4QDgpL-2PGPckg,The Parallel Truth,News & Commentary,86
UCs9-XIXPfAF465u3OVdMILg,The People's Majority,Unclassified,2766
UCiM2ZsguGDiGfsL2sUNatXQ,The Pineapple Thief,Unclassified,46
UC1E1SVcVyU3ntWMSQEp38Yw,The Prof G Pod – Scott Galloway,Business & Finance,882
UCAPciy143ZBXBrFpCVPnWDg,The Randall Carlson,News & Commentary,1213
UCIzXayRP7-P0ANpq-nD-h5g,The Sun,News & Commentary,28543
UCJjAIBWeY022ZNj_Cp_6wAw,The Tesla Space,News & Commentary,597
UCvEO0vHclzNfDYCyKQV5TsA,The Wellermen,Music & Musicians,424
UCIFk2uvCNcEmZ77g0ESKLcQ,The Why Files,Business & Finance,363
UC9OJk22Mh_-aj0ruME96T2w,The Williams Fam,Business & Finance,936
UC1yBKRuGpC1tSM73A0ZjYjQ,The Young Turks,News & Commentary,69160
UC9Ryt3XOGYBoAJVsBHNGDzA,Theoretically Media,Unclassified,311
UCcPuBEAwuF6XWXkcXJXJwsg,This Guy Edits,Business & Finance,181
UC7kCeZ53sli_9XwuQeFxLqw,Ticker Symbol: YOU,Tech & Software,359
UCp9GmsywyVNLdpu8iB0d9Mg,Tim Welch Vocal Studio,Music & Musicians,303
UC-8ywcgWTF2gMiPtrycZIcw,Time Bomb,News & Commentary,62
UC88lvyJe7aHZmcvzvubDFRg,Timeline - World History Documentaries,News & Commentary,1227
UCTjDhFuGXlhx9Us0gq0VK2w,Times Radio,Unclassified,17805
UCsN8M73DMWa8SPp5o_0IAQQ,Tomorrowland,Unclassified,2678
UCJASBOyF4Fkd26SIwRhLuZw,Tone and Tighten,Health & Fitness,708
UCRe2W-32N-_uStDULAEdyKA,Topaz Labs,Tech & Software,753
UCo33niDKpTpgwZ_dohqvylg,TubeBuddy,Unclassified,970
UCEgYhf84VjXDz-W7a9-rdCQ,Two Bit da Vinci,News & Commentary,473
UC6OICk-ceplUJf4sCN3DMnQ,Tyler Stalman,Unclassified,308
UCx4pIz6Xb3xeC5tz9MYZfWg,V V,Gardening & Outdoors,99
UCdOPzgbosSnbfwd9-iXP2NA,Vanessa Lau,Business & Finance,501
UCHnyfMqiRRG1u-2MsSQLbXA,Veritasium,Unclassified,460
UC9N2JaiIWYR2GEN1tgHAczA,Vic Firth,Unclassified,3984
UCWF0PiUvUi3Jma2oFgaiX2w,VICE TV,News & Commentary,2367
UCnBMUbokI94_PY59m8yDMRg,VrTours Solutions,Business & Finance,19
UC6nSFpj9HTCZ5t-N3Rm3-HA,Vsauce,News & Commentary,609
UCuqdsYT5rFqw0L5oO_HwvgA,WarLeaks - Military Blog,News & Commentary,647
UCaWd5_7JhbQBe4dknZhsHJg,WatchMojo.com,News & Commentary,31041
UCMq1R1LgS04lIKdpLh_OS1w,Wes McDowell,Business & Finance,440
UCqcbQf6yw5KzRoDDcZ_wBSw,Wes Roth,Tech & Software,658
UCSrPuHtKbst7Zy8pyWn_3Cg,What's Inside?,Unclassified,332
UCEFZ7yABV_j9Ts3U18pZ1vw,Will Chidlow,Unclassified,119
UC_gUM8rL-Lrg6O3adPW9K1g,WION,News & Commentary,233813
UCUZM6dU9lRVEfrZF3EFrzWQ,Yello,Music & Musicians,14
UClgRkhTL3_hImCAmdLfDE4g,YouTube Movies,Travel/Vlogs,0
UC36i_MUpwgeDpXFE4YzAXpw,Yuqing Guo,Music & Musicians,443
UCpF9KnCcZM9KWovxn3TtZ9Q,YYNOT,Music & Musicians,114
UCsy9I56PY3IngCf_VGjunMQ,Zeihan on Geopolitics,News & Commentary,926
UCeeYm4DCcKiN6hmKBspX8Ig,ZHIYUN-TECH,Unclassified,1088
UCa09am-cOsC-FSgr_nLkFFA,ZOE,Health & Fitness,481
